t,E,I
0,1.2003599999999999,9.0000000000000002e-06
1,1.2005480631945158,9.0000000000000002e-06
2,1.2006259615202675,9.0000000000000002e-06
3,1.2006857350079352,9.0000000000000002e-06
4,1.2007361263890317,9.0000000000000002e-06
5,1.2007805220870031,9.0000000000000002e-06
6,1.2008206588659616,9.0000000000000002e-06
7,1.2008575684434533,9.0000000000000002e-06
8,1.200891923040535,9.0000000000000002e-06
9,1.2009241895835476,9.0000000000000002e-06
10,1.2009547080387175,9.0000000000000002e-06
11,1.2009837350530848,9.0000000000000002e-06
12,1.2010114700158705,9.0000000000000002e-06
13,1.2010380714908546,9.0000000000000002e-06
14,1.2010636680409406,9.0000000000000002e-06
15,1.2010883656203946,9.0000000000000002e-06
16,1.2011122527780635,9.0000000000000002e-06
17,1.20113540441528,9.0000000000000002e-06
18,1.2011578845608026,9.0000000000000002e-06
19,1.2011797484598943,9.0000000000000002e-06
20,1.2012010441740066,9.0000000000000002e-06
21,1.2012218138243043,9.0000000000000002e-06
22,1.2012420945714,9.0000000000000002e-06
23,1.2012619193966343,9.0000000000000002e-06
24,1.2012813177319235,9.0000000000000002e-06
25,1.2013003159725795,9.0000000000000002e-06
26,1.2013189378986251,9.0000000000000002e-06
27,1.2013372050238058,9.0000000000000002e-06
28,1.2013551368869069,9.0000000000000002e-06
29,1.2013727512966244,9.0000000000000002e-06
30,1.2013900645387283,9.0000000000000002e-06
31,1.2014070915523856,9.0000000000000002e-06
32,1.2014238460810704,9.0000000000000002e-06
33,1.2014403408024046,9.0000000000000002e-06
34,1.2014565874404131,9.0000000000000002e-06
35,1.2014725968630207,9.0000000000000002e-06
36,1.2014883791670954,9.0000000000000002e-06
37,1.2015039437529296,9.0000000000000002e-06
38,1.2015192993897168,9.0000000000000002e-06
39,1.2015344542733242,9.0000000000000002e-06
40,1.2015494160774352,9.0000000000000002e-06
41,1.2015641919989737,9.0000000000000002e-06
42,1.2015787887985718,9.0000000000000002e-06
43,1.2015932128367219,9.0000000000000002e-06
44,1.2016074701061696,9.0000000000000002e-06
45,1.2016215662610099,9.0000000000000002e-06
46,1.2016355066428874,9.0000000000000002e-06
47,1.201649296304649,9.0000000000000002e-06
48,1.2016629400317409,9.0000000000000002e-06
49,1.2016764423616113,9.0000000000000002e-06
50,1.201689807601338,9.0000000000000002e-06
51,1.2017030398436783,9.0000000000000002e-06
52,1.2017161429817094,9.0000000000000002e-06
53,1.2017291207222049,9.0000000000000002e-06
54,1.2017419765978852,9.0000000000000002e-06
55,1.2017547139786473,9.0000000000000002e-06
56,1.2017673360818815,9.0000000000000002e-06
57,1.2017798459819631,9.0000000000000002e-06
58,1.201792246618997,9.0000000000000002e-06
59,1.2018045408068865,9.0000000000000002e-06
60,1.2018167312407892,9.0000000000000002e-06
61,1.2018288205040177,9.0000000000000002e-06
62,1.2018408110744301,9.0000000000000002e-06
63,1.2018527053303603,9.0000000000000002e-06
64,1.2018645055561272,9.0000000000000002e-06
65,1.2018762139471557,9.0000000000000002e-06
66,1.2018878326147457,9.0000000000000002e-06
67,1.201899363590518,9.0000000000000002e-06
68,1.2019108088305603,9.0000000000000002e-06
69,1.2019221702193024,9.0000000000000002e-06
70,1.2019334495731375,9.0000000000000002e-06
71,1.201944648643813,9.0000000000000002e-06
72,1.2019557691216056,9.0000000000000002e-06
73,1.2019668126383003,9.0000000000000002e-06
74,1.201977780769985,9.0000000000000002e-06
75,1.2019886750396762,9.0000000000000002e-06
76,1.2019994969197885,9.0000000000000002e-06
77,1.2020102478344563,9.0000000000000002e-06
78,1.2020209291617221,9.0000000000000002e-06
79,1.2020315422355987,9.0000000000000002e-06
80,1.2020420883480134,9.0000000000000002e-06
81,1.2020525687506431,9.0000000000000002e-06
82,1.20206298465665,9.0000000000000002e-06
83,1.2020733372423189,9.0000000000000002e-06
84,1.2020836276486087,9.0000000000000002e-06
85,1.2020938569826198,9.0000000000000002e-06
86,1.2021040263189846,9.0000000000000002e-06
87,1.2021141367011847,9.0000000000000002e-06
88,1.2021241891428003,9.0000000000000002e-06
89,1.2021341846286973,9.0000000000000002e-06
90,1.2021441241161526,9.0000000000000002e-06
91,1.2021540085359241,9.0000000000000002e-06
92,1.2021638387932685,9.0000000000000002e-06
93,1.202173615768908,9.0000000000000002e-06
94,1.2021833403199522,9.0000000000000002e-06
95,1.2021930132807743,9.0000000000000002e-06
96,1.2022026354638471,9.0000000000000002e-06
97,1.2022122076605386,9.0000000000000002e-06
98,1.2022217306418732,9.0000000000000002e-06
99,1.2022312051592547,9.0000000000000002e-06
100,1.2022406319451591,9.0000000000000002e-06
101,1.2022500117137955,9.0000000000000002e-06
102,1.2022593451617376,9.0000000000000002e-06
103,1.2022686329685268,9.0000000000000002e-06
104,1.2022778757972503,9.0000000000000002e-06
105,1.2022870742950935,9.0000000000000002e-06
106,1.2022962290938684,9.0000000000000002e-06
107,1.2023053408105198,9.0000000000000002e-06
108,1.2023144100476115,9.0000000000000002e-06
109,1.202323437393791,9.0000000000000002e-06
110,1.2023324234242343,9.0000000000000002e-06
111,1.2023413687010749,9.0000000000000002e-06
112,1.2023502737738139,9.0000000000000002e-06
113,1.2023591391797128,9.0000000000000002e-06
114,1.2023679654441732,9.0000000000000002e-06
115,1.2023767530810998,9.0000000000000002e-06
116,1.2023855025932486,9.0000000000000002e-06
117,1.2023942144725639,9.0000000000000002e-06
118,1.2024028892005001,9.0000000000000002e-06
119,1.2024115272483327,9.0000000000000002e-06
120,1.202420129077457,9.0000000000000002e-06
0,1.2353599999999998,9.0000000000000002e-06
1,1.2354929807601336,9.0000000000000002e-06
2,1.2355480631945157,9.0000000000000002e-06
3,1.2355903294329806,9.0000000000000002e-06
4,1.2356259615202674,9.0000000000000002e-06
5,1.2356573540193585,9.0000000000000002e-06
6,1.2356857350079351,9.0000000000000002e-06
7,1.2357118340204702,9.0000000000000002e-06
8,1.2357361263890316,9.0000000000000002e-06
9,1.2357589422804012,9.0000000000000002e-06
10,1.2357805220870031,9.0000000000000002e-06
11,1.2358010472856999,9.0000000000000002e-06
12,1.2358206588659615,9.0000000000000002e-06
13,1.2358394689493124,9.0000000000000002e-06
14,1.2358575684434532,9.0000000000000002e-06
15,1.2358750322693641,9.0000000000000002e-06
16,1.235891923040535,9.0000000000000002e-06
17,1.2359082937202064,9.0000000000000002e-06
18,1.2359241895835475,9.0000000000000002e-06
19,1.2359396496948583,9.0000000000000002e-06
20,1.2359547080387174,9.0000000000000002e-06
21,1.2359693943992858,9.0000000000000002e-06
22,1.2359837350530847,9.0000000000000002e-06
23,1.2359977533214437,9.0000000000000002e-06
24,1.2360114700158704,9.0000000000000002e-06
25,1.2360249038006688,9.0000000000000002e-06
26,1.2360380714908545,9.0000000000000002e-06
27,1.2360509882989426,9.0000000000000002e-06
28,1.2360636680409405,9.0000000000000002e-06
29,1.2360761233094983,9.0000000000000002e-06
30,1.2360883656203945,9.0000000000000002e-06
31,1.2361004055372149,9.0000000000000002e-06
32,1.2361122527780635,9.0000000000000002e-06
33,1.2361239163073727,9.0000000000000002e-06
34,1.2361354044152799,9.0000000000000002e-06
35,1.2361467247865687,9.0000000000000002e-06
36,1.2361578845608026,9.0000000000000002e-06
37,1.2361688903849923,9.0000000000000002e-06
38,1.2361797484598942,9.0000000000000002e-06
39,1.236190464580861,9.0000000000000002e-06
40,1.2362010441740066,9.0000000000000002e-06
41,1.2362114923283249,9.0000000000000002e-06
42,1.2362218138243042,9.0000000000000002e-06
43,1.2362320131594922,9.0000000000000002e-06
44,1.2362420945714001,9.0000000000000002e-06
45,1.2362520620580761,9.0000000000000002e-06
46,1.2362619193966342,9.0000000000000002e-06
47,1.2362716701599761,9.0000000000000002e-06
48,1.2362813177319234,9.0000000000000002e-06
49,1.2362908653209366,9.0000000000000002e-06
50,1.2363003159725794,9.0000000000000002e-06
51,1.2363096725808687,9.0000000000000002e-06
52,1.236318937898625,9.0000000000000002e-06
53,1.236328114546934,9.0000000000000002e-06
54,1.2363372050238057,9.0000000000000002e-06
55,1.2363462117121169,9.0000000000000002e-06
56,1.2363551368869068,9.0000000000000002e-06
57,1.2363639827220865,9.0000000000000002e-06
58,1.2363727512966243,9.0000000000000002e-06
59,1.2363814446002499,9.0000000000000002e-06
60,1.2363900645387282,9.0000000000000002e-06
61,1.2363986129387368,9.0000000000000002e-06
62,1.2364070915523855,9.0000000000000002e-06
63,1.2364155020614109,9.0000000000000002e-06
64,1.2364238460810704,9.0000000000000002e-06
65,1.2364321251637633,9.0000000000000002e-06
66,1.2364403408024045,9.0000000000000002e-06
67,1.2364484944335667,9.0000000000000002e-06
68,1.236456587440413,9.0000000000000002e-06
69,1.2364646211554362,9.0000000000000002e-06
70,1.2364725968630206,9.0000000000000002e-06
71,1.2364805158018382,9.0000000000000002e-06
72,1.2364883791670953,9.0000000000000002e-06
73,1.2364961881126382,9.0000000000000002e-06
74,1.2365039437529295,9.0000000000000002e-06
75,1.2365116471649042,9.0000000000000002e-06
76,1.2365192993897167,9.0000000000000002e-06
77,1.2365269014343823,9.0000000000000002e-06
78,1.2365344542733241,9.0000000000000002e-06
79,1.2365419588498314,9.0000000000000002e-06
80,1.2365494160774351,9.0000000000000002e-06
81,1.2365568268412042,9.0000000000000002e-06
82,1.2365641919989738,9.0000000000000002e-06
83,1.236571512382503,9.0000000000000002e-06
84,1.2365787887985717,9.0000000000000002e-06
85,1.236586022030018,9.0000000000000002e-06
86,1.2365932128367219,9.0000000000000002e-06
87,1.2366003619565358,9.0000000000000002e-06
88,1.2366074701061696,9.0000000000000002e-06
89,1.2366145379820288,9.0000000000000002e-06
90,1.2366215662610098,9.0000000000000002e-06
91,1.2366285556012584,9.0000000000000002e-06
92,1.2366355066428873,9.0000000000000002e-06
93,1.2366424200086616,9.0000000000000002e-06
94,1.2366492963046489,9.0000000000000002e-06
95,1.2366561361208404,9.0000000000000002e-06
96,1.2366629400317408,9.0000000000000002e-06
97,1.2366697085969325,9.0000000000000002e-06
98,1.2366764423616112,9.0000000000000002e-06
99,1.2366831418571,9.0000000000000002e-06
100,1.236689807601338,9.0000000000000002e-06
101,1.2366964400993468,9.0000000000000002e-06
102,1.2367030398436785,9.0000000000000002e-06
103,1.2367096073148414,9.0000000000000002e-06
104,1.2367161429817093,9.0000000000000002e-06
105,1.2367226473019108,9.0000000000000002e-06
106,1.2367291207222049,9.0000000000000002e-06
107,1.2367355636788373,9.0000000000000002e-06
108,1.2367419765978851,9.0000000000000002e-06
109,1.2367483598955846,9.0000000000000002e-06
110,1.2367547139786472,9.0000000000000002e-06
111,1.2367610392445607,9.0000000000000002e-06
112,1.2367673360818814,9.0000000000000002e-06
113,1.2367736048705105,9.0000000000000002e-06
114,1.236779845981963,9.0000000000000002e-06
115,1.2367860597796245,9.0000000000000002e-06
116,1.2367922466189969,9.0000000000000002e-06
117,1.2367984068479376,9.0000000000000002e-06
118,1.2368045408068864,9.0000000000000002e-06
119,1.2368106488290849,9.0000000000000002e-06
120,1.2368167312407892,9.0000000000000002e-06
0,1.2703599999999999,9.0000000000000002e-06
1,1.2704540315972579,9.0000000000000002e-06
2,1.2704929807601337,9.0000000000000002e-06
3,1.2705228675039675,9.0000000000000002e-06
4,1.2705480631945159,9.0000000000000002e-06
5,1.2705702610435017,9.0000000000000002e-06
6,1.2705903294329808,9.0000000000000002e-06
7,1.2706087842217266,9.0000000000000002e-06
8,1.2706259615202675,9.0000000000000002e-06
9,1.2706420947917738,9.0000000000000002e-06
10,1.2706573540193586,9.0000000000000002e-06
11,1.2706718675265425,9.0000000000000002e-06
12,1.2706857350079352,9.0000000000000002e-06
13,1.2706990357454273,9.0000000000000002e-06
14,1.2707118340204704,9.0000000000000002e-06
15,1.2707241828101974,9.0000000000000002e-06
16,1.2707361263890318,9.0000000000000002e-06
17,1.2707477022076401,9.0000000000000002e-06
18,1.2707589422804013,9.0000000000000002e-06
19,1.2707698742299471,9.0000000000000002e-06
20,1.2707805220870032,9.0000000000000002e-06
21,1.2707909069121521,9.0000000000000002e-06
22,1.2708010472857001,9.0000000000000002e-06
23,1.270810959698317,9.0000000000000002e-06
24,1.2708206588659616,9.0000000000000002e-06
25,1.2708301579862897,9.0000000000000002e-06
26,1.2708394689493125,9.0000000000000002e-06
27,1.2708486025119028,9.0000000000000002e-06
28,1.2708575684434533,9.0000000000000002e-06
29,1.2708663756483121,9.0000000000000002e-06
30,1.2708750322693643,9.0000000000000002e-06
31,1.2708835457761929,9.0000000000000002e-06
32,1.2708919230405351,9.0000000000000002e-06
33,1.2709001704012024,9.0000000000000002e-06
34,1.2709082937202065,9.0000000000000002e-06
35,1.2709162984315103,9.0000000000000002e-06
36,1.2709241895835477,9.0000000000000002e-06
37,1.2709319718764647,9.0000000000000002e-06
38,1.2709396496948584,9.0000000000000002e-06
39,1.2709472271366622,9.0000000000000002e-06
40,1.2709547080387176,9.0000000000000002e-06
41,1.270962095999487,9.0000000000000002e-06
42,1.2709693943992859,9.0000000000000002e-06
43,1.270976606418361,9.0000000000000002e-06
44,1.2709837350530848,9.0000000000000002e-06
45,1.270990783130505,9.0000000000000002e-06
46,1.2709977533214438,9.0000000000000002e-06
47,1.2710046481523245,9.0000000000000002e-06
48,1.2710114700158706,9.0000000000000002e-06
49,1.2710182211808057,9.0000000000000002e-06
50,1.2710249038006689,9.0000000000000002e-06
51,1.2710315199218392,9.0000000000000002e-06
52,1.2710380714908547,9.0000000000000002e-06
53,1.2710445603611025,9.0000000000000002e-06
54,1.2710509882989427,9.0000000000000002e-06
55,1.2710573569893235,9.0000000000000002e-06
56,1.2710636680409406,9.0000000000000002e-06
57,1.2710699229909816,9.0000000000000002e-06
58,1.2710761233094985,9.0000000000000002e-06
59,1.2710822704034432,9.0000000000000002e-06
60,1.2710883656203946,9.0000000000000002e-06
61,1.271094410252009,9.0000000000000002e-06
62,1.271100405537215,9.0000000000000002e-06
63,1.2711063526651802,9.0000000000000002e-06
64,1.2711122527780636,9.0000000000000002e-06
65,1.2711181069735777,9.0000000000000002e-06
66,1.2711239163073729,9.0000000000000002e-06
67,1.2711296817952589,9.0000000000000002e-06
68,1.2711354044152801,9.0000000000000002e-06
69,1.2711410851096512,9.0000000000000002e-06
70,1.2711467247865689,9.0000000000000002e-06
71,1.2711523243219065,9.0000000000000002e-06
72,1.2711578845608027,9.0000000000000002e-06
73,1.2711634063191501,9.0000000000000002e-06
74,1.2711688903849925,9.0000000000000002e-06
75,1.2711743375198381,9.0000000000000002e-06
76,1.2711797484598943,9.0000000000000002e-06
77,1.271185123917228,9.0000000000000002e-06
78,1.2711904645808612,9.0000000000000002e-06
79,1.2711957711177995,9.0000000000000002e-06
80,1.2712010441740067,9.0000000000000002e-06
81,1.2712062843753216,9.0000000000000002e-06
82,1.2712114923283251,9.0000000000000002e-06
83,1.2712166686211595,9.0000000000000002e-06
84,1.2712218138243043,9.0000000000000002e-06
85,1.27122692849131,9.0000000000000002e-06
86,1.2712320131594923,9.0000000000000002e-06
87,1.2712370683505922,9.0000000000000002e-06
88,1.2712420945714,9.0000000000000002e-06
89,1.2712470923143486,9.0000000000000002e-06
90,1.2712520620580763,9.0000000000000002e-06
91,1.2712570042679621,9.0000000000000002e-06
92,1.2712619193966344,9.0000000000000002e-06
93,1.271266807884454,9.0000000000000002e-06
94,1.2712716701599762,9.0000000000000002e-06
95,1.2712765066403873,9.0000000000000002e-06
96,1.2712813177319235,9.0000000000000002e-06
97,1.2712861038302694,9.0000000000000002e-06
98,1.2712908653209367,9.0000000000000002e-06
99,1.2712956025796274,9.0000000000000002e-06
100,1.2713003159725795,9.0000000000000002e-06
101,1.2713050058568978,9.0000000000000002e-06
102,1.2713096725808688,9.0000000000000002e-06
103,1.2713143164842633,9.0000000000000002e-06
104,1.2713189378986252,9.0000000000000002e-06
105,1.2713235371475469,9.0000000000000002e-06
106,1.2713281145469342,9.0000000000000002e-06
107,1.2713326704052599,9.0000000000000002e-06
108,1.2713372050238059,9.0000000000000002e-06
109,1.2713417186968954,9.0000000000000002e-06
110,1.271346211712117,9.0000000000000002e-06
111,1.2713506843505376,9.0000000000000002e-06
112,1.2713551368869069,9.0000000000000002e-06
113,1.2713595695898563,9.0000000000000002e-06
114,1.2713639827220866,9.0000000000000002e-06
115,1.2713683765405499,9.0000000000000002e-06
116,1.2713727512966244,9.0000000000000002e-06
117,1.2713771072362821,9.0000000000000002e-06
118,1.27138144460025,9.0000000000000002e-06
119,1.2713857636241663,9.0000000000000002e-06
120,1.2713900645387284,9.0000000000000002e-06
