E,Q
0.90000000000000002,0
0.91000000000000003,0.0036000914505302118
0.92000000000000004,0.0072002088750514857
0.93000000000000005,0.010800359650653313
0.94000000000000006,0.01440055324958661
0.94999999999999996,0.018000801834265331
0.95999999999999996,0.021601121021213504
0.96999999999999997,0.025201530861909398
0.97999999999999998,0.028802057102078133
0.98999999999999999,0.032402732798429923
1,0.036003600394221735
1.01,0.039604714383718966
1.02,0.04320614473242277
1.03,0.046807981267065008
1.04,0.050410339309731059
1.05,0.054013366907696314
1.0600000000000001,0.057617254109269829
1.0700000000000001,0.061222244861935733
1.0800000000000001,0.064828652269638173
1.0900000000000001,0.068436878150192323
1.1000000000000001,0.072047438092596075
1.1099999999999999,0.075660993540848084
1.1200000000000001,0.079278392841562101
1.1299999999999999,0.082900723705266605
1.1399999999999999,0.086529380165347877
1.1499999999999999,0.090166147893277288
1.1599999999999999,0.093813312659099049
1.1699999999999999,0.097473797815956525
1.1799999999999999,0.10115133791701923
1.1899999999999999,0.10485069687828925
1.2,0.10857794033822402
1.21,0.11234077275811055
1.22,0.11614894986164907
1.23,0.12001477539490224
1.24,0.12395368655909055
1.25,0.12798492277859205
1.26,0.13213225475528301
1.27,0.13642472108489861
1.28,0.14089727346090761
1.29,0.14559116459340013
1.2999999999999998,0.15055382477220119
1.3100000000000001,0.15583787178564895
1.3199999999999998,0.16149881048107673
1.3300000000000001,0.16759095592830386
1.3399999999999999,0.17416124327523494
1.3500000000000001,0.18124097001287262
1.3599999999999999,0.18883621682473337
1.3699999999999999,0.19691863840961185
1.3799999999999999,0.20541919180252555
1.3899999999999999,0.21422762834183284
1.3999999999999999,0.22319967801836579
1.4099999999999999,0.23217172769489874
1.4199999999999999,0.24098016423420604
1.4299999999999999,0.24948071762711979
1.4399999999999999,0.25756313921199825
1.45,0.26515838602385911
1.46,0.27223811276149662
1.47,0.27880840010842783
1.48,0.28490054555565492
1.4899999999999998,0.29056148425108269
1.5,0.29584553126453039
1.5099999999999998,0.30080819144333149
1.52,0.30550208257582412
1.5299999999999998,0.30997463495183297
1.54,0.31426710128144864
1.5499999999999998,0.31841443325813956
1.5600000000000001,0.32244566947764114
1.5699999999999998,0.32638458064182935
1.5800000000000001,0.33025040617508261
1.5899999999999999,0.33405858327862104
1.5999999999999999,0.33782141569850754
1.6099999999999999,0.34154865915844229
1.6199999999999999,0.34524801811971234
1.6299999999999999,0.34892555822077503
1.6399999999999999,0.35258604337763255
1.6499999999999999,0.35623320814345427
1.6599999999999999,0.3598699758713837
1.6699999999999999,0.36349863233146501
1.6799999999999999,0.36712096319516957
1.6899999999999999,0.37073836249588354
1.6999999999999997,0.37435191794413558
1.71,0.37796247788653936
1.7199999999999998,0.38157070376709346
1.73,0.38517711117479597
1.7399999999999998,0.38878210192746182
1.75,0.39238598912903538
1.7599999999999998,0.39598901672700054
1.77,0.39959137476966672
1.7799999999999998,0.40319321130430885
1.79,0.40679464165301271
1.7999999999999998,0.41039575564250991
1.8099999999999998,0.41399662323830172
1.8199999999999998,0.41759729893465353
1.8299999999999998,0.42119782517482224
1.8399999999999999,0.42479823501551811
1.8499999999999999,0.42839855420246625
1.8599999999999999,0.43199880278714503
1.8699999999999999,0.43559899638607841
1.8799999999999999,0.43919914716168018
1.8899999999999999,0.4427992645862015
1.8999999999999999,0.4463993560367317
