BE,counts
276,25
276.02499999999998,25
276.05000000000001,25
276.07499999999999,25
276.10000000000002,25
276.125,25
276.14999999999998,25
276.17500000000001,25
276.19999999999999,25
276.22500000000002,25
276.25,25
276.27499999999998,25
276.30000000000001,25
276.32499999999999,25
276.35000000000002,25
276.375,25
276.39999999999998,25
276.42500000000001,25
276.44999999999999,25
276.47500000000002,25
276.5,25
276.52499999999998,25
276.55000000000001,25
276.57499999999999,25
276.60000000000002,25
276.625,25
276.64999999999998,25
276.67500000000001,25
276.69999999999999,25
276.72500000000002,25
276.75,25
276.77499999999998,25
276.80000000000001,25
276.82499999999999,25
276.85000000000002,25
276.875,25
276.89999999999998,25
276.92500000000001,25
276.94999999999999,25
276.97500000000002,25
277,25
277.02499999999998,25
277.05000000000001,25
277.07499999999999,25
277.10000000000002,25
277.125,25
277.14999999999998,25
277.17500000000001,25
277.19999999999999,25
277.22500000000002,25
277.25,25
277.27499999999998,25
277.30000000000001,25
277.32499999999999,25
277.35000000000002,25
277.375,25
277.39999999999998,25
277.42500000000001,25
277.44999999999999,25
277.47500000000002,25
277.5,25
277.52499999999998,25
277.55000000000001,25
277.57499999999999,25
277.60000000000002,25
277.625,25
277.64999999999998,25
277.67500000000001,25
277.69999999999999,25
277.72500000000002,25
277.75,25
277.77499999999998,25
277.80000000000001,25
277.82499999999999,25
277.85000000000002,25
277.875,25
277.89999999999998,25
277.92500000000001,25
277.94999999999999,25
277.97500000000002,25
278,25
278.02499999999998,25
278.05000000000001,25
278.07499999999999,25
278.10000000000002,25
278.125,25
278.14999999999998,25
278.17500000000001,25
278.19999999999999,25
278.22500000000002,25
278.25,25
278.27499999999998,25
278.30000000000001,25
278.32499999999999,25
278.35000000000002,25
278.375,25
278.39999999999998,25
278.42500000000001,25
278.44999999999999,25
278.47500000000002,25
278.5,25
278.52499999999998,25
278.55000000000001,25
278.57499999999999,25
278.60000000000002,25
278.625,25
278.64999999999998,25
278.67500000000001,25
278.69999999999999,25
278.72500000000002,25
278.75,25
278.77499999999998,25
278.80000000000001,25
278.82499999999999,25
278.85000000000002,25
278.875,25
278.89999999999998,25
278.92500000000001,25
278.94999999999999,25
278.97500000000002,25
279,25
279.02499999999998,25
279.05000000000001,25
279.07499999999999,25
279.10000000000002,25
279.125,25
279.14999999999998,25
279.17500000000001,25.000000000000004
279.19999999999999,25.000000000000004
279.22500000000002,25.000000000000007
279.25,25.000000000000011
279.27499999999998,25.000000000000018
279.30000000000001,25.000000000000032
279.32499999999999,25.00000000000005
279.35000000000002,25.000000000000085
279.375,25.000000000000142
279.39999999999998,25.000000000000234
279.42500000000001,25.000000000000384
279.44999999999999,25.000000000000632
279.47500000000002,25.00000000000103
279.5,25.000000000001677
279.52499999999998,25.000000000002714
279.55000000000001,25.000000000004384
279.57499999999999,25.000000000007066
279.60000000000002,25.000000000011337
279.625,25.000000000018129
279.64999999999998,25.000000000028898
279.67500000000001,25.000000000045901
279.69999999999999,25.000000000072649
279.72500000000002,25.0000000001146
279.75,25.000000000180144
279.77499999999998,25.000000000282188
279.80000000000001,25.000000000440515
279.82499999999999,25.000000000685294
279.85000000000002,25.000000001062403
279.875,25.000000001641322
279.89999999999998,25.000000002526949
279.92500000000001,25.000000003876973
279.94999999999999,25.000000005927671
279.97500000000002,25.000000009031719
280,25.000000013713606
280.02499999999998,25.000000020750484
280.05000000000001,25.000000031289574
280.07499999999999,25.000000047018222
280.10000000000002,25.000000070408923
280.125,25.000000105071344
280.14999999999998,25.000000156255716
280.17500000000001,25.000000231570148
280.19999999999999,25.000000341998568
280.22500000000002,25.000000503339567
280.25,25.000000738232078
280.27499999999998,25.000001078995972
280.30000000000001,25.000001571599242
280.32499999999999,25.000002281176435
280.35000000000002,25.000003299673963
280.375,25.000004756398965
280.39999999999998,25.000006832515435
280.42500000000001,25.000009780883207
280.44999999999999,25.00001395309776
280.47500000000002,25.000019836192809
280.5,25.000028102252521
280.52499999999998,25.000039675195691
280.55000000000001,25.000055820299934
280.57499999999999,25.000078263705191
280.60000000000002,25.000109351262797
280.625,25.000152258788084
280.64999999999998,25.000211269162989
280.67500000000001,25.000292135974945
280.69999999999999,25.00040255865375
280.72500000000002,25.000552800591787
280.75,25.000756489751002
280.77499999999998,25.001031651052919
280.80000000000001,25.001402031729754
280.82499999999999,25.001898795134622
280.85000000000002,25.002562675646008
280.875,25.003446707661272
280.89999999999998,25.004619665677851
280.92500000000001,25.006170380534893
280.94999999999999,25.008213129445231
280.97500000000002,25.010894334864581
281,25.014400849833589
281.02499999999998,25.018970155399558
281.05000000000001,25.024902849144727
281.07499999999999,25.0325778625891
281.10000000000002,25.042470908916201
281.125,25.055176730389277
281.14999999999998,25.071435785897044
281.17500000000001,25.092166091736228
281.19999999999999,25.118501000914645
281.22500000000002,25.151833775236973
281.25,25.193869866828003
281.27499999999998,25.246687877442675
281.30000000000001,25.312810200005593
281.32499999999999,25.395284361653253
281.35000000000002,25.49777607468295
281.375,25.624674954107881
281.39999999999998,25.781213770298972
281.42500000000001,25.973601964312781
281.44999999999999,26.209173953721681
281.47500000000002,26.496552489927733
281.5,26.845826986421176
281.52499999999998,27.268746314681259
281.55000000000001,27.778925055176998
281.57499999999999,28.392061592272263
281.60000000000002,29.126165753391923
281.625,30.001792917530764
281.64999999999998,31.042280663306947
281.67500000000001,32.273983103645556
281.69999999999999,33.726497079904519
281.72500000000002,35.432873385055473
281.75,37.429805181464189
281.77499999999998,39.757784808376357
281.80000000000001,42.461219276448126
281.82499999999999,45.588493967067187
281.85000000000002,49.191973441573509
281.875,53.327927871747278
281.89999999999998,58.056373482740327
281.92500000000001,63.440815604826305
281.94999999999999,69.547883512919284
281.97500000000002,76.446847237290086
282,84.209007992093532
282.02499999999998,92.906955818415597
282.05000000000001,102.6136904853807
282.07499999999999,113.40160463531519
282.10000000000002,125.34133157271992
282.125,138.50046393748937
282.14999999999998,152.94215370788172
282.17500000000001,168.7236084548025
282.19999999999999,185.89450341017874
282.22500000000002,204.49533358412793
282.25,224.55573471735767
282.27499999999998,246.09280612733721
282.30000000000001,269.1094723170919
282.32499999999999,293.59292339339339
282.35000000000002,319.51317670631482
282.375,346.8218035076257
282.39999999999998,375.45086469043531
282.42500000000001,405.31209868302687
282.44999999999999,436.29640224724494
282.47500000000002,468.27364121922483
282.5,501.09282312181273
282.52499999999998,534.58265712759396
282.55000000000001,568.55251914191251
282.57499999999999,602.79383097028369
282.60000000000002,637.08185282598163
282.625,671.17787806810941
282.64999999999998,704.8318083358821
282.67500000000001,737.78507646538242
282.69999999999999,769.77387409762355
282.72500000000002,800.53263105236874
282.75,829.79768469842782
282.77499999999998,857.31107003710451
282.80000000000001,882.82435531560361
282.82499999999999,906.10244397117333
282.85000000000002,926.92726176453903
282.875,945.10124822812782
282.89999999999998,960.45057409800597
282.92500000000001,972.82801119119017
282.94999999999999,982.11538814691301
282.97500000000002,988.22557439128127
283,991.10394536631816
283.02499999999998,990.7292941790912
283.05000000000001,987.11416800724464
283.07499999999999,980.30462144495766
283.10000000000002,970.37939305680459
283.125,957.4485252918588
283.14999999999998,941.6514611648804
283.17500000000001,923.15466333332802
283.19999999999999,902.14881201882486
283.22500000000002,878.84564732712306
283.25,853.47452866338904
283.27499999999998,826.27878893465913
283.30000000000001,797.5119639865178
283.32499999999999,767.43397820427401
283.35000000000002,736.30736548081177
283.375,704.39360094352685
283.39999999999998,671.94961312656505
283.42500000000001,639.22453893601426
283.44999999999999,606.4567750661862
283.47500000000002,573.87136981999629
283.5,541.67778891117291
283.52499999999998,510.06807812070207
283.55000000000001,479.2154350004547
283.57499999999999,449.27319146873197
283.60000000000002,420.37419942415994
283.625,392.63060266486798
283.64999999999998,366.13397063392335
283.67500000000001,340.9557629858906
283.69999999999999,317.14808876992925
283.72500000000002,294.74472020928056
283.75,273.76231862318667
283.77499999999998,254.201828932186
283.80000000000001,236.04999933576173
283.82499999999999,219.28098402213698
283.85000000000002,203.85798902534128
283.875,189.73492441999616
283.89999999999998,176.85802976128431
283.92500000000001,165.16744386698321
283.94999999999999,154.59869451925996
283.97500000000002,145.08408827715417
284,136.55398518555305
284.02499999999998,128.93794760836548
284.05000000000001,122.16575659601267
284.07499999999999,116.16829302615287
284.10000000000002,110.87828416808144
284.125,106.23091926995468
284.14999999999998,102.16434022829247
284.17500000000001,98.62001536864625
284.19999999999999,95.543005853437677
284.22500000000002,92.882135264700878
284.25,90.590073521430227
284.27499999999998,88.623346526929623
284.30000000000001,86.942282852002279
284.32499999999999,85.510908396080367
284.35000000000002,84.296799384460797
284.375,83.270903307113798
284.39999999999998,82.407336531487218
284.42500000000001,81.683166373577023
284.44999999999999,81.078184427203212
284.47500000000002,80.574676965373584
284.5,80.157197267958935
284.52499999999998,79.812343818999409
284.55000000000001,79.528547472079111
284.57499999999999,79.295869914946564
284.60000000000002,79.105815082410629
284.625,78.951154572758455
284.64999999999998,78.825767617448435
284.67500000000001,78.724495733999916
284.69999999999999,78.643011852913276
284.72500000000002,78.577703444865307
284.75,78.525568977012782
284.77499999999998,78.484126889160166
284.80000000000001,78.451336193866368
284.82499999999999,78.425527761434566
284.85000000000002,78.40534534375702
284.875,78.389695413329065
284.89999999999998,78.377704939236224
284.92500000000001,78.368686285162781
284.94999999999999,78.362108490800537
284.97500000000002,78.357574283558208
285,78.354802258962806
285.02499999999998,78.353613763008312
285.05000000000001,78.353924105890812
285.07499999999999,78.355737832441946
285.10000000000002,78.359147868852929
285.125,78.364338456901351
285.14999999999998,78.371591874917485
285.17500000000001,78.381299028234935
285.19999999999999,78.393974069869344
285.22500000000002,78.410273283503003
285.25,78.431018524127694
285.27499999999998,78.457225565219872
285.30000000000001,78.490137743041942
285.32499999999999,78.531265316167776
285.35000000000002,78.582430968809376
285.375,78.64582187681016
285.39999999999998,78.724048721795398
285.42500000000001,78.820211978206217
285.44999999999999,78.937975705975802
285.47500000000002,79.081648954638212
285.5,79.256274719116703
285.52499999999998,79.4677261802495
285.55000000000001,79.722809711844448
285.57499999999999,80.029373839388981
285.60000000000002,80.396422993424807
285.625,80.834234514612589
285.64999999999998,81.354476941364382
285.67500000000001,81.970327150370167
285.69999999999999,82.696583433984642
285.72500000000002,83.549771097438835
285.75,84.548236657266102
285.77499999999998,85.712226237460058
285.80000000000001,87.063943311264836
285.82499999999999,88.627580546898841
285.85000000000002,90.429320209346557
285.875,92.497297373591977
285.89999999999998,94.861520144656311
285.92500000000001,97.553741182462602
285.94999999999999,100.60727512088316
285.97500000000002,104.0567569725977
286,107.9378373430077
286.02499999999998,112.28681125151667
286.05000000000001,117.14017858191477
286.07499999999999,122.53413565484416
286.10000000000002,128.50399912220487
286.125,135.08356530370943
286.14999999999998,142.30441018833022
286.17500000000001,150.19513756141583
286.19999999999999,158.78058503886064
286.22500000000002,168.0810001256778
286.25,178.11120069219126
286.27499999999998,188.87973639711586
286.30000000000001,200.38806949195154
286.32499999999999,212.62979503007566
286.35000000000002,225.58992168651949
286.375,239.24423508716421
286.39999999999998,253.55876567856225
286.42500000000001,268.4893826748538
286.44999999999999,283.98153445696016
286.47500000000002,299.97015394294846
286.5,316.37974489424141
286.52499999999998,333.12466189713132
286.55000000000001,350.1095929042902
286.57499999999999,367.23024881847562
286.60000000000002,384.37425974632441
286.625,401.42227236738813
286.64999999999998,418.24923750127448
286.67500000000001,434.72587156602458
286.69999999999999,450.72027038214515
286.72500000000002,466.09964885951774
286.75,480.73217568254722
286.77499999999998,494.48886835188557
286.80000000000001,507.24551099113512
286.82499999999999,518.88455531891998
286.85000000000002,529.29696421560288
286.875,538.38395744739728
286.89999999999998,546.05862038233636
286.92500000000001,552.24733892892846
286.94999999999999,556.89102740678982
286.97500000000002,559.94612052897389
287,561.38530601649245
287.02499999999998,561.19798042287891
287.05000000000001,559.39041733695569
287.07499999999999,555.98564405581214
287.10000000000002,551.02302986173561
287.125,544.55759597926271
287.14999999999998,536.65906391577357
287.17500000000001,527.41066499999738
287.19999999999999,516.9077393427458
287.22500000000002,505.25615699689484
287.25,492.57059766502783
287.27499999999998,478.97272780066294
287.30000000000001,464.58931532659221
287.32499999999999,449.55032243547032
287.35000000000002,433.9870160737392
287.375,418.03013380509668
287.39999999999998,401.80813989661578
287.42500000000001,385.44560280134039
287.44999999999999,369.06172086642624
287.47500000000002,352.76901824333123
287.5,336.67222778891937
287.52499999999998,320.8673723936837
287.55000000000001,305.44105083355959
287.57499999999999,290.46992906769754
287.60000000000002,276.02043304541047
287.625,262.14863466576276
287.64999999999998,248.9003186502878
287.67500000000001,236.31121482626716
287.69999999999999,224.4073777182798
287.72500000000002,213.20569343794494
287.75,202.71449264488163
287.77499999999998,192.93424779935577
287.80000000000001,183.85833300110406
287.82499999999999,175.47382534423051
287.85000000000002,167.76232784573838
287.875,160.70079554292107
287.89999999999998,154.26234821334376
287.92500000000001,148.41705526585568
287.94999999999999,143.1326805914814
287.97500000000002,138.37537746965248
288,134.11032592268145
288.02499999999998,130.30230713232845
288.05000000000001,126.91621162351727
288.07499999999999,123.9174798346552
288.10000000000002,121.27247539977182
288.125,118.94879294204284
288.14999999999998,116.91550340841565
288.17500000000001,115.14334095976392
288.19999999999999,113.60483617455253
288.22500000000002,112.27440083984888
288.25,111.12836990949043
288.27499999999998,110.14500632704915
288.30000000000001,109.30447436643466
288.32499999999999,108.58878696107941
288.35000000000002,107.98173220064524
288.375,107.46878379779049
288.39999999999998,107.03699989094808
288.42500000000001,106.67491407490105
288.44999999999999,106.37242205866049
288.47500000000002,106.12066685697194
288.5,105.91192494174967
288.52499999999998,105.73949532403411
288.55000000000001,105.59759311429791
288.57499999999999,105.48124872488032
288.60000000000002,105.38621353672295
288.625,105.30887255501554
288.64999999999998,105.24616432476681
288.67500000000001,105.19550816633955
288.69999999999999,105.15473862012654
288.72500000000002,105.12204685561805
288.75,105.09592869940198
288.77499999999998,105.07513886515018
288.80000000000001,105.05865092233407
288.82499999999999,105.04562251526694
288.85000000000002,105.03536533630033
288.875,105.02731936308254
288.89999999999998,105.02103088653197
288.92500000000001,105.01613388078101
288.94999999999999,105.0123342963723
288.97500000000002,105.00939689139631
289,105.00713425035633
289.02499999999998,105.0053976759876
289.05000000000001,105.00406967399256
289.07499999999999,105.00305778390704
289.10000000000002,105.00228954053074
289.125,105.0017083791867
289.14999999999998,105.00127032431782
289.17500000000001,105.00094132451675
289.19999999999999,105.00069511803935
289.22500000000002,105.00051153127558
289.25,105.00037512869018
289.27499999999998,105.0002741465826
289.30000000000001,105.00019965485292
289.32499999999999,105.00014490100391
289.35000000000002,105.00010479906729
289.375,105.00007553321143
289.39999999999998,105.00005425165631
289.42500000000001,105.00003883135825
289.44999999999999,105.00002769789081
289.47500000000002,105.00001968817051
289.5,105.00001394628639
289.52499999999998,105.00000984478777
289.55000000000001,105.00000692546129
289.57499999999999,105.00000485495976
289.60000000000002,105.00000339169777
289.625,105.00000236125693
289.64999999999998,105.00000163818878
289.67500000000001,105.00000113260701
289.69999999999999,105.00000078034952
289.72500000000002,105.00000053578889
289.75,105.00000036660033
289.77499999999998,105.00000024996926
289.80000000000001,105.00000016985372
289.82499999999999,105.00000011501596
289.85000000000002,105.00000007761325
289.875,105.00000005219249
289.89999999999998,105.00000003497641
289.92500000000001,105.00000002335806
289.94999999999999,105.00000001554508
289.97500000000002,105.00000001030966
290,105.00000000681381
290.02499999999998,105.00000000448776
290.05000000000001,105.00000000294555
290.07499999999999,105.00000000192661
290.10000000000002,105.0000000012558
290.125,105.00000000081572
290.14999999999998,105.00000000052802
290.17500000000001,105.00000000034061
290.19999999999999,105.00000000021896
290.22500000000002,105.00000000014028
290.25,105.00000000008954
290.27499999999998,105.00000000005696
290.30000000000001,105.00000000003612
290.32499999999999,105.00000000002282
290.35000000000002,105.00000000001437
290.375,105.00000000000902
290.39999999999998,105.00000000000564
290.42500000000001,105.00000000000351
290.44999999999999,105.00000000000219
290.47500000000002,105.00000000000135
290.5,105.00000000000084
290.52499999999998,105.00000000000051
290.55000000000001,105.00000000000031
290.57499999999999,105.00000000000018
290.60000000000002,105.00000000000011
290.625,105.00000000000007
290.64999999999998,105.00000000000004
290.67500000000001,105.00000000000003
290.69999999999999,105.00000000000001
290.72500000000002,105.00000000000001
290.75,105
290.77499999999998,105
290.80000000000001,105
290.82499999999999,105
290.85000000000002,105
290.875,105
290.89999999999998,105
290.92500000000001,105
290.94999999999999,105
290.97500000000002,105
291,105
291.02499999999998,105
291.05000000000001,105
291.07499999999999,105
291.10000000000002,105
291.125,105
291.14999999999998,105
291.17500000000001,105
291.19999999999999,105
291.22500000000002,105
291.25,105
291.27499999999998,105
291.30000000000001,105
291.32499999999999,105
291.35000000000002,105
291.375,105
291.39999999999998,105
291.42500000000001,105
291.44999999999999,105
291.47500000000002,105
291.5,105
291.52499999999998,105
291.55000000000001,105
291.57499999999999,105
291.60000000000002,105
291.625,105
291.64999999999998,105
291.67500000000001,105
291.69999999999999,105
291.72500000000002,105
291.75,105
291.77499999999998,105
291.80000000000001,105
291.82499999999999,105
291.85000000000002,105
291.875,105
291.89999999999998,105
291.92500000000001,105
291.94999999999999,105
291.97500000000002,105
292,105
292.02499999999998,105
292.05000000000001,105
292.07499999999999,105
292.10000000000002,105
292.125,105
292.14999999999998,105
292.17500000000001,105
292.19999999999999,105
292.22500000000002,105
292.25,105
292.27499999999998,105
292.30000000000001,105
292.32499999999999,105
292.35000000000002,105
292.375,105
292.39999999999998,105
292.42500000000001,105
292.44999999999999,105
292.47500000000002,105
292.5,105
292.52499999999998,105
292.55000000000001,105
292.57499999999999,105
292.60000000000002,105
292.625,105
292.64999999999998,105
292.67500000000001,105
292.69999999999999,105
292.72500000000002,105
292.75,105
292.77499999999998,105
292.80000000000001,105
292.82499999999999,105
292.85000000000002,105
292.875,105
292.89999999999998,105
292.92500000000001,105
292.94999999999999,105
292.97500000000002,105
293,105
293.02499999999998,105
293.05000000000001,105
293.07499999999999,105
293.10000000000002,105
293.125,105
293.14999999999998,105
293.17500000000001,105
293.19999999999999,105
293.22500000000002,105
293.25,105
293.27499999999998,105
293.30000000000001,105
293.32499999999999,105
293.35000000000002,105
293.375,105
293.39999999999998,105
293.42500000000001,105
293.44999999999999,105
293.47500000000002,105
293.5,105
293.52499999999998,105
293.55000000000001,105
293.57499999999999,105
293.60000000000002,105
293.625,105
293.64999999999998,105
293.67500000000001,105
293.69999999999999,105
293.72500000000002,105
293.75,105
293.77499999999998,105
293.80000000000001,105
293.82499999999999,105
293.85000000000002,105
293.875,105
293.89999999999998,105
293.92500000000001,105
293.94999999999999,105
293.97500000000002,105
294,105
294.02499999999998,105
294.05000000000001,105
294.07499999999999,105
294.10000000000002,105
294.125,105
294.14999999999998,105
294.17500000000001,105
294.19999999999999,105
294.22500000000002,105
294.25,105
294.27499999999998,105
294.30000000000001,105
294.32499999999999,105
294.35000000000002,105
294.375,105
294.39999999999998,105
294.42500000000001,105
294.44999999999999,105
294.47500000000002,105
294.5,105
294.52499999999998,105
294.55000000000001,105
294.57499999999999,105
294.60000000000002,105
294.625,105
294.64999999999998,105
294.67500000000001,105
294.69999999999999,105
294.72500000000002,105
294.75,105
294.77499999999998,105
294.80000000000001,105
294.82499999999999,105
294.85000000000002,105
294.875,105
294.89999999999998,105
294.92500000000001,105
294.94999999999999,105
294.97500000000002,105
295,105
295.02499999999998,105
295.05000000000001,105
295.07499999999999,105
295.10000000000002,105
295.125,105
295.14999999999998,105
295.17500000000001,105
295.19999999999999,105
295.22500000000002,105
295.25,105
295.27499999999998,105
295.30000000000001,105
295.32499999999999,105
295.35000000000002,105
295.375,105
295.39999999999998,105
295.42500000000001,105
295.44999999999999,105
295.47500000000002,105
295.5,105
295.52499999999998,105
295.55000000000001,105
295.57499999999999,105
295.60000000000002,105
295.625,105
295.64999999999998,105
295.67500000000001,105
295.69999999999999,105
295.72500000000002,105
295.75,105
295.77499999999998,105
295.80000000000001,105
295.82499999999999,105
295.85000000000002,105
295.875,105
295.89999999999998,105
295.92500000000001,105
295.94999999999999,105
295.97500000000002,105
296,105
