kinetic,counts
1202.5999999999999,30
1202.55,30
1202.5,30
1202.4499999999998,30
1202.3999999999999,30
1202.3499999999999,30
1202.3,30
1202.25,30
1202.1999999999998,30
1202.1499999999999,30
1202.0999999999999,30
1202.05,30
1202,30
1201.9499999999998,30.000000000000004
1201.8999999999999,30.000000000000007
1201.8499999999999,30.000000000000018
1201.8,30.000000000000039
1201.75,30.000000000000096
1201.6999999999998,30.000000000000217
1201.6499999999999,30.000000000000494
1201.5999999999999,30.000000000001112
1201.55,30.000000000002487
1201.5,30.0000000000055
1201.4499999999998,30.000000000012054
1201.3999999999999,30.000000000026162
1201.3499999999999,30.000000000056239
1201.3,30.000000000119744
1201.25,30.000000000252513
1201.1999999999998,30.000000000527386
1201.1499999999999,30.000000001090918
1201.0999999999999,30.000000002234987
1201.05,30.000000004534989
1201,30.000000009113741
1200.9499999999998,30.000000018139954
1200.8999999999999,30.000000035759772
1200.8499999999999,30.000000069818785
1200.8,30.000000135010918
1200.75,30.000000258573799
1200.6999999999998,30.000000490477582
1200.6499999999999,30.000000921452258
1200.5999999999999,30.000001714531795
1200.55,30.000003159637615
1200.5,30.000005766974557
1200.4499999999998,30.000010425042241
1200.3999999999999,30.000018664941763
1200.3499999999999,30.000033097446043
1200.3,30.000058127461113
1200.25,30.000101108403658
1200.1999999999998,30.000174185572696
1200.1499999999999,30.000297205016629
1200.0999999999999,30.000502249043791
1200.05,30.000840622730639
1200,30.001393484581584
1199.9499999999998,30.002287822011549
1199.8999999999999,30.003720157511339
1199.8499999999999,30.005991277705338
1199.8,30.009556450182085
1199.75,30.015097073793445
1199.6999999999998,30.023621527787931
1199.6499999999999,30.036605152184787
1199.5999999999999,30.056181777825298
1199.55,30.08540194604333
1199.5,30.128575755210687
1199.4499999999998,30.191720886570753
1199.3999999999999,30.283138418010417
1199.3499999999999,30.414140021379691
1199.3,30.599949408954721
1199.25,30.860797676175874
1199.1999999999998,31.223225623306742
1199.1499999999999,31.721595352351329
1199.0999999999999,32.399797635818658
1199.05,33.313120171037731
1199,34.530214688167597
1198.9499999999998,36.13506837026425
1198.8999999999999,38.228848333481693
1198.8499999999999,40.931449093544956
1198.8,44.382535123276803
1198.75,48.741837918614308
1198.6999999999998,54.188444454843832
1198.6499999999999,60.918807128962698
1198.5999999999999,69.143219945820903
1198.55,79.080546962122241
1198.5,90.951060665753658
1198.4499999999998,104.96735167444041
1198.3999999999999,121.32340553862544
1198.3499999999999,140.18210255048965
1198.3,161.66157333571735
1198.25,185.82102375769654
1198.1999999999998,212.64681107724448
1198.1499999999999,242.03969094638381
1198.0999999999999,273.80424266298678
1198.05,307.64150065007919
1198,343.14575956657518
1197.9499999999998,379.80637099340748
1197.8999999999999,417.01511127752354
1197.8499999999999,454.07938189277587
1197.8,490.24112394481688
1197.75,524.7009140634259
1197.6999999999998,556.64629334282085
1197.6499999999999,585.28300130012667
1197.5999999999999,609.86748008533493
1197.55,629.73881339555885
1197.5,644.34819476953874
1197.4499999999998,653.28409503071509
1197.3999999999999,656.29151913310091
1197.3499999999999,653.28409503071509
1197.3,644.34819476952521
1197.25,629.73881339553918
1197.1999999999998,609.86748008533493
1197.1499999999999,585.28300130012667
1197.0999999999999,556.64629334282085
1197.05,524.70091406338815
1197,490.24112394477663
1196.9499999999998,454.07938189277587
1196.8999999999999,417.01511127752354
1196.8499999999999,379.80637099340748
1196.8,343.14575956653402
1196.75,307.64150065003969
1196.6999999999998,273.80424266298678
1196.6499999999999,242.03969094638381
1196.5999999999999,212.64681107724448
1196.55,185.82102375766755
1196.5,161.66157333569137
1196.4499999999998,140.18210255048965
1196.3999999999999,121.32340553862544
1196.3499999999999,104.96735167444041
1196.3,90.951060665738936
1196.25,79.08054696210985
1196.1999999999998,69.143219945820903
1196.1499999999999,60.918807128962698
1196.0999999999999,54.188444454843832
1196.05,48.741837918608752
1196,44.382535123272383
1195.9499999999998,40.931449093544956
1195.8999999999999,38.228848333481693
1195.8499999999999,36.135068370264257
1195.8,34.530214688166033
1195.75,33.31312017103658
1195.6999999999998,32.399797635818771
1195.6499999999999,31.721595352351578
1195.5999999999999,31.2232256233073
1195.55,30.860797676176769
1195.5,30.599949408957222
1195.4499999999998,30.41414002138572
1195.3999999999999,30.283138418023498
1195.3499999999999,30.191720886598873
1195.3,30.1285757552705
1195.25,30.085401946169547
1195.1999999999998,30.056181778088991
1195.1499999999999,30.036605152730246
1195.0999999999999,30.023621528905426
1195.05,30.015097076060929
1195,30.009556454738952
1194.9499999999998,30.005991286775316
1194.8999999999999,30.003720175391223
1194.8499999999999,30.002287856920944
1194.8,30.001393552087041
1194.75,30.000840752017538
1194.6999999999998,30.000502494282582
1194.6499999999999,30.000297665742757
1194.5999999999999,30.000175042838595
1194.55,30.000102688222466
1194.5,30.000061010948393
1194.4499999999998,30.000038309967163
1194.3999999999999,30.000027997412644
1194.3499999999999,30.000026973765262
1194.3,30.000034830705115
1194.25,30.000053713839442
1194.1999999999998,30.000088807318143
1194.1499999999999,30.000149523960573
1194.0999999999999,30.000251614999478
1194.05,30.000420569939116
1194,30.00069687730171
1193.9499999999998,30.001143980824562
1193.8999999999999,30.001860114515441
1193.8499999999999,30.002995656992624
1193.8,30.004778234204785
1193.75,30.00754854143171
1193.6999999999998,30.011810766128953
1193.6499999999999,30.018302577183313
1193.5999999999999,30.028090889440037
1193.55,30.042700973274179
1193.5,30.064287877725089
1193.4499999999998,30.095860443341618
1193.3999999999999,30.14156920903137
1193.3499999999999,30.207070010701898
1193.3,30.29997470448286
1193.25,30.430398838090422
1193.1999999999998,30.611612811654485
1193.1499999999999,30.860797676176158
1193.0999999999999,31.199898817909546
1193.05,31.656560085518958
1193,32.265107344083837
1192.9499999999998,33.067534185132139
1192.8999999999999,34.114424166740854
1192.8499999999999,35.465724546772478
1192.8,37.191267561638398
1192.75,39.370918959307154
1192.6999999999998,42.094222227421916
1192.6499999999999,45.459403564481349
1192.5999999999999,49.571609972910451
1192.55,54.540273481061121
1192.5,60.475530332876829
1192.4499999999998,67.483675837220204
1192.3999999999999,75.661702769312711
1192.3499999999999,85.091051275244823
1192.3,95.830786667858675
1192.25,107.91051187884827
1192.1999999999998,121.32340553862224
1192.1499999999999,136.01984547319191
1192.0999999999999,151.90212133149339
1192.05,168.8207503250396
1192,186.57287978328759
1191.9499999999998,204.90318549670374
1191.8999999999999,223.50755563876177
1191.8499999999999,242.03969094638794
1191.8,260.12056197240844
1191.75,277.35045703171295
1191.6999999999998,293.32314667141043
1191.6499999999999,307.64150065006334
1191.5999999999999,319.93374004266747
1191.55,329.86940669777943
1191.5,337.17409738476937
1191.4499999999998,341.64204751535755
1191.3999999999999,343.14575956655045
1191.3499999999999,341.64204751535755
1191.3,337.1740973847626
1191.25,329.86940669776959
1191.1999999999998,319.93374004266747
1191.1499999999999,307.64150065006334
1191.0999999999999,293.32314667141043
1191.05,277.35045703169408
1191,260.12056197238832
1190.9499999999998,242.03969094638794
1190.8999999999999,223.50755563876177
1190.8499999999999,204.90318549670374
1190.8,186.57287978326701
1190.75,168.82075032501984
1190.6999999999998,151.90212133149339
1190.6499999999999,136.01984547319191
1190.5999999999999,121.32340553862224
1190.55,107.91051187883377
1190.5,95.830786667845686
1190.4499999999998,85.091051275244823
1190.3999999999999,75.661702769312711
1190.3499999999999,67.483675837220204
1190.3,60.475530332869468
1190.25,54.540273481054925
1190.1999999999998,49.571609972910451
1190.1499999999999,45.459403564481349
1190.0999999999999,42.094222227421916
1190.05,39.370918959304376
1190,37.191267561636188
1189.9499999999998,35.465724546772478
1189.8999999999999,34.114424166740847
1189.8499999999999,33.067534185132125
1189.8,32.265107344083006
1189.75,31.656560085518269
1189.6999999999998,31.199898817909329
1189.6499999999999,30.860797676175665
1189.5999999999999,30.611612811653373
1189.55,30.430398838087761
1189.5,30.299974704477236
1189.4499999999998,30.207070010689847
1189.3999999999999,30.141569209005208
1189.3499999999999,30.095860443285378
1189.3,30.064287877605313
1189.25,30.042700973021645
1189.1999999999998,30.028090888912651
1189.1499999999999,30.018302576092392
1189.0999999999999,30.011810763893966
1189.05,30.007548536896717
1189,30.004778225091041
1188.9499999999998,30.002995638852667
1188.8999999999999,30.001860078755669
1188.8499999999999,30.001143911005773
1188.8,30.000696742290792
1188.75,30.000420311365321
1188.6999999999998,30.000251124521895
1188.6499999999999,30.000148602508315
1188.5999999999999,30.000087092786348
1188.55,30.000050554201827
1188.5,30.000029063730558
1188.4499999999998,30.000016548723021
1188.3999999999999,30.000009332470881
1188.3499999999999,30.000005212521121
1188.3,30.00000288348728
1188.25,30.000001579818807
1188.1999999999998,30.000000857265896
1188.1499999999999,30.000000460726127
1188.0999999999999,30.000000245238791
1188.05,30.000000129286899
1188,30.000000067505461
1187.9499999999998,30.000000034909394
1187.8999999999999,30.000000017879884
1187.8499999999999,30.000000009069979
1187.8,30.00000000455687
1187.75,30.000000002267495
1187.6999999999998,30.000000001117492
1187.6499999999999,30.000000000545459
1187.5999999999999,30.000000000263693
1187.55,30.000000000126256
1187.5,30.000000000059874
1187.4499999999998,30.00000000002812
1187.3999999999999,30.000000000013081
1187.3499999999999,30.000000000006025
1187.3,30.00000000000275
1187.25,30.000000000001243
1187.1999999999998,30.000000000000558
1187.1499999999999,30.000000000000245
1187.0999999999999,30.000000000000107
1187.05,30.000000000000046
1187,30.000000000000021
1186.9499999999998,30.000000000000007
1186.8999999999999,30.000000000000004
1186.8499999999999,30
1186.8,30
1186.75,30
1186.6999999999998,30
1186.6499999999999,30
1186.5999999999999,30
1186.55,30
1186.5,30
1186.4499999999998,30
1186.3999999999999,30
1186.3499999999999,30
1186.3,30
1186.25,30
1186.1999999999998,30
1186.1499999999999,30
1186.0999999999999,30
1186.05,30
1186,30
1185.9499999999998,30
1185.8999999999999,30
1185.8499999999999,30
1185.8,30
1185.75,30
1185.6999999999998,30
1185.6499999999999,30
1185.5999999999999,30
1185.55,30
1185.5,30
1185.4499999999998,30
1185.3999999999999,30
1185.3499999999999,30
1185.3,30
1185.25,30
1185.1999999999998,30
1185.1499999999999,30
1185.0999999999999,30
1185.05,30
1185,30
1184.9499999999998,30
1184.8999999999999,30
1184.8499999999999,30
1184.8,30
1184.75,30
1184.6999999999998,30
1184.6499999999999,30
1184.5999999999999,30
1184.55,30
1184.5,30
1184.4499999999998,30
1184.3999999999999,30
1184.3499999999999,30
1184.3,30
1184.25,30
1184.1999999999998,30
1184.1499999999999,30
1184.0999999999999,30
1184.05,30
1184,30
1183.9499999999998,30
1183.8999999999999,30
1183.8499999999999,30
1183.8,30
1183.75,30
1183.6999999999998,30
1183.6499999999999,30
1183.5999999999999,30
1183.55,30
1183.5,30
1183.4499999999998,30
1183.3999999999999,30
1183.3499999999999,30
1183.3,30
1183.25,30
1183.1999999999998,30
1183.1499999999999,30
1183.0999999999999,30
1183.05,30
1183,30
1182.9499999999998,30
1182.8999999999999,30
1182.8499999999999,30
1182.8,30
1182.75,30
1182.6999999999998,30
1182.6499999999999,30
1182.5999999999999,30
