E,I
0.29999999999999999,3.5999999999999998e-06
0.31,3.5999999999999998e-06
0.32000000000000001,3.5999999999999998e-06
0.32999999999999996,3.5999999999999998e-06
0.33999999999999997,3.5999999999999998e-06
0.34999999999999998,3.5999999999999998e-06
0.35999999999999999,3.5999999999999998e-06
0.37,3.5999999999999998e-06
0.38,3.5999999999999998e-06
0.39000000000000001,3.5999999999999998e-06
0.40000000000000002,3.5999999999999998e-06
0.40999999999999998,3.5999999999999998e-06
0.41999999999999998,3.5999999999999998e-06
0.42999999999999999,3.5999999999999998e-06
0.44,3.5999999999999998e-06
0.44999999999999996,3.5999999999999998e-06
0.45999999999999996,3.5999999999999998e-06
0.46999999999999997,3.5999999999999998e-06
0.47999999999999998,3.5999999999999998e-06
0.48999999999999999,3.5999999999999998e-06
0.5,3.5999999999999998e-06
0.29999999999999999,7.1999999999999997e-06
0.31,7.1999999999999997e-06
0.32000000000000001,7.1999999999999997e-06
0.32999999999999996,7.1999999999999997e-06
0.33999999999999997,7.1999999999999997e-06
0.34999999999999998,7.1999999999999997e-06
0.35999999999999999,7.1999999999999997e-06
0.37,7.1999999999999997e-06
0.38,7.1999999999999997e-06
0.39000000000000001,7.1999999999999997e-06
0.40000000000000002,7.1999999999999997e-06
0.40999999999999998,7.1999999999999997e-06
0.41999999999999998,7.1999999999999997e-06
0.42999999999999999,7.1999999999999997e-06
0.44,7.1999999999999997e-06
0.44999999999999996,7.1999999999999997e-06
0.45999999999999996,7.1999999999999997e-06
0.46999999999999997,7.1999999999999997e-06
0.47999999999999998,7.1999999999999997e-06
0.48999999999999999,7.1999999999999997e-06
0.5,7.1999999999999997e-06
0.29999999999999999,1.0799999999999998e-05
0.31,1.0799999999999998e-05
0.32000000000000001,1.0799999999999998e-05
0.32999999999999996,1.0799999999999998e-05
0.33999999999999997,1.0799999999999998e-05
0.34999999999999998,1.0799999999999998e-05
0.35999999999999999,1.0799999999999998e-05
0.37,1.0799999999999998e-05
0.38,1.0799999999999998e-05
0.39000000000000001,1.0799999999999998e-05
0.40000000000000002,1.0799999999999998e-05
0.40999999999999998,1.0799999999999998e-05
0.41999999999999998,1.0799999999999998e-05
0.42999999999999999,1.0799999999999998e-05
0.44,1.0799999999999998e-05
0.44999999999999996,1.0799999999999998e-05
0.45999999999999996,1.0799999999999998e-05
0.46999999999999997,1.0799999999999998e-05
0.47999999999999998,1.0799999999999998e-05
0.48999999999999999,1.0799999999999998e-05
0.5,1.0799999999999998e-05
0.29999999999999999,1.4399999999999999e-05
0.31,1.4399999999999999e-05
0.32000000000000001,1.4399999999999999e-05
0.32999999999999996,1.4399999999999999e-05
0.33999999999999997,1.4399999999999999e-05
0.34999999999999998,1.4399999999999999e-05
0.35999999999999999,1.4399999999999999e-05
0.37,1.4399999999999999e-05
0.38,1.4399999999999999e-05
0.39000000000000001,1.4399999999999999e-05
0.40000000000000002,1.4399999999999999e-05
0.40999999999999998,1.4399999999999999e-05
0.41999999999999998,1.4399999999999999e-05
0.42999999999999999,1.4399999999999999e-05
0.44,1.4399999999999999e-05
0.44999999999999996,1.4399999999999999e-05
0.45999999999999996,1.4399999999999999e-05
0.46999999999999997,1.4399999999999999e-05
0.47999999999999998,1.4399999999999999e-05
0.48999999999999999,1.4399999999999999e-05
0.5,1.4399999999999999e-05
0.29999999999999999,1.8e-05
0.31,1.8e-05
0.32000000000000001,1.8e-05
0.32999999999999996,1.8e-05
0.33999999999999997,1.8e-05
0.34999999999999998,1.8e-05
0.35999999999999999,1.8e-05
0.37,1.8e-05
0.38,1.8e-05
0.39000000000000001,1.8e-05
0.40000000000000002,1.8e-05
0.40999999999999998,1.8e-05
0.41999999999999998,1.8e-05
0.42999999999999999,1.8e-05
0.44,1.8e-05
0.44999999999999996,1.8e-05
0.45999999999999996,1.8e-05
0.46999999999999997,1.8e-05
0.47999999999999998,1.8e-05
0.48999999999999999,1.8e-05
0.5,1.8e-05
0.29999999999999999,3.6000000000000001e-05
0.31,3.6000000000000001e-05
0.32000000000000001,3.6000000000000001e-05
0.32999999999999996,3.6000000000000001e-05
0.33999999999999997,3.6000000000000001e-05
0.34999999999999998,3.6000000000000001e-05
0.35999999999999999,3.6000000000000001e-05
0.37,3.6000000000000001e-05
0.38,3.6000000000000001e-05
0.39000000000000001,3.6000000000000001e-05
0.40000000000000002,3.6000000000000001e-05
0.40999999999999998,3.6000000000000001e-05
0.41999999999999998,3.6000000000000001e-05
0.42999999999999999,3.6000000000000001e-05
0.44,3.6000000000000001e-05
0.44999999999999996,3.6000000000000001e-05
0.45999999999999996,3.6000000000000001e-05
0.46999999999999997,3.6000000000000001e-05
0.47999999999999998,3.6000000000000001e-05
0.48999999999999999,3.6000000000000001e-05
0.5,3.6000000000000001e-05
0.5,-3.5999999999999998e-06
0.48999999999999999,-3.5999999999999998e-06
0.47999999999999998,-3.5999999999999998e-06
0.46999999999999997,-3.5999999999999998e-06
0.45999999999999996,-3.5999999999999998e-06
0.44999999999999996,-3.5999999999999998e-06
0.44,-3.5999999999999998e-06
0.42999999999999999,-3.5999999999999998e-06
0.41999999999999998,-3.5999999999999998e-06
0.40999999999999998,-3.5999999999999998e-06
0.40000000000000002,-3.5999999999999998e-06
0.39000000000000001,-3.5999999999999998e-06
0.38,-3.5999999999999998e-06
0.37,-3.5999999999999998e-06
0.35999999999999999,-3.5999999999999998e-06
0.34999999999999998,-3.5999999999999998e-06
0.33999999999999997,-3.5999999999999998e-06
0.32999999999999996,-3.5999999999999998e-06
0.32000000000000001,-3.5999999999999998e-06
0.31,-3.5999999999999998e-06
0.29999999999999999,-3.5999999999999998e-06
0.5,-7.1999999999999997e-06
0.48999999999999999,-7.1999999999999997e-06
0.47999999999999998,-7.1999999999999997e-06
0.46999999999999997,-7.1999999999999997e-06
0.45999999999999996,-7.1999999999999997e-06
0.44999999999999996,-7.1999999999999997e-06
0.44,-7.1999999999999997e-06
0.42999999999999999,-7.1999999999999997e-06
0.41999999999999998,-7.1999999999999997e-06
0.40999999999999998,-7.1999999999999997e-06
0.40000000000000002,-7.1999999999999997e-06
0.39000000000000001,-7.1999999999999997e-06
0.38,-7.1999999999999997e-06
0.37,-7.1999999999999997e-06
0.35999999999999999,-7.1999999999999997e-06
0.34999999999999998,-7.1999999999999997e-06
0.33999999999999997,-7.1999999999999997e-06
0.32999999999999996,-7.1999999999999997e-06
0.32000000000000001,-7.1999999999999997e-06
0.31,-7.1999999999999997e-06
0.29999999999999999,-7.1999999999999997e-06
0.5,-1.0799999999999998e-05
0.48999999999999999,-1.0799999999999998e-05
0.47999999999999998,-1.0799999999999998e-05
0.46999999999999997,-1.0799999999999998e-05
0.45999999999999996,-1.0799999999999998e-05
0.44999999999999996,-1.0799999999999998e-05
0.44,-1.0799999999999998e-05
0.42999999999999999,-1.0799999999999998e-05
0.41999999999999998,-1.0799999999999998e-05
0.40999999999999998,-1.0799999999999998e-05
0.40000000000000002,-1.0799999999999998e-05
0.39000000000000001,-1.0799999999999998e-05
0.38,-1.0799999999999998e-05
0.37,-1.0799999999999998e-05
0.35999999999999999,-1.0799999999999998e-05
0.34999999999999998,-1.0799999999999998e-05
0.33999999999999997,-1.0799999999999998e-05
0.32999999999999996,-1.0799999999999998e-05
0.32000000000000001,-1.0799999999999998e-05
0.31,-1.0799999999999998e-05
0.29999999999999999,-1.0799999999999998e-05
0.5,-1.4399999999999999e-05
0.48999999999999999,-1.4399999999999999e-05
0.47999999999999998,-1.4399999999999999e-05
0.46999999999999997,-1.4399999999999999e-05
0.45999999999999996,-1.4399999999999999e-05
0.44999999999999996,-1.4399999999999999e-05
0.44,-1.4399999999999999e-05
0.42999999999999999,-1.4399999999999999e-05
0.41999999999999998,-1.4399999999999999e-05
0.40999999999999998,-1.4399999999999999e-05
0.40000000000000002,-1.4399999999999999e-05
0.39000000000000001,-1.4399999999999999e-05
0.38,-1.4399999999999999e-05
0.37,-1.4399999999999999e-05
0.35999999999999999,-1.4399999999999999e-05
0.34999999999999998,-1.4399999999999999e-05
0.33999999999999997,-1.4399999999999999e-05
0.32999999999999996,-1.4399999999999999e-05
0.32000000000000001,-1.4399999999999999e-05
0.31,-1.4399999999999999e-05
0.29999999999999999,-1.4399999999999999e-05
0.5,-1.8e-05
0.48999999999999999,-1.8e-05
0.47999999999999998,-1.8e-05
0.46999999999999997,-1.8e-05
0.45999999999999996,-1.8e-05
0.44999999999999996,-1.8e-05
0.44,-1.8e-05
0.42999999999999999,-1.8e-05
0.41999999999999998,-1.8e-05
0.40999999999999998,-1.8e-05
0.40000000000000002,-1.8e-05
0.39000000000000001,-1.8e-05
0.38,-1.8e-05
0.37,-1.8e-05
0.35999999999999999,-1.8e-05
0.34999999999999998,-1.8e-05
0.33999999999999997,-1.8e-05
0.32999999999999996,-1.8e-05
0.32000000000000001,-1.8e-05
0.31,-1.8e-05
0.29999999999999999,-1.8e-05
0.5,-3.6000000000000001e-05
0.48999999999999999,-3.6000000000000001e-05
0.47999999999999998,-3.6000000000000001e-05
0.46999999999999997,-3.6000000000000001e-05
0.45999999999999996,-3.6000000000000001e-05
0.44999999999999996,-3.6000000000000001e-05
0.44,-3.6000000000000001e-05
0.42999999999999999,-3.6000000000000001e-05
0.41999999999999998,-3.6000000000000001e-05
0.40999999999999998,-3.6000000000000001e-05
0.40000000000000002,-3.6000000000000001e-05
0.39000000000000001,-3.6000000000000001e-05
0.38,-3.6000000000000001e-05
0.37,-3.6000000000000001e-05
0.35999999999999999,-3.6000000000000001e-05
0.34999999999999998,-3.6000000000000001e-05
0.33999999999999997,-3.6000000000000001e-05
0.32999999999999996,-3.6000000000000001e-05
0.32000000000000001,-3.6000000000000001e-05
0.31,-3.6000000000000001e-05
0.29999999999999999,-3.6000000000000001e-05
