E,I,background
0.00022000000000000003,1.1000000000000001e-05,9.9999999999999995e-07
0.0052134432200964011,1.0672161004820061e-05,9.9999999999999995e-07
0.010207101397006323,1.0355069850316179e-05,9.9999999999999995e-07
0.015200967483607192,1.0048374180359597e-05,9.9999999999999995e-07
0.020195034663808589,9.7517331904294767e-06,9.9999999999999995e-07
0.025189296344978126,9.4648172489061418e-06,9.9999999999999995e-07
0.030183746150615594,9.1873075307798201e-06,9.9999999999999995e-07
0.035178377913267361,8.9188956633678184e-06,9.9999999999999995e-07
0.040173185667672931,8.6592833836464875e-06,9.9999999999999995e-07
0.045168163644136339,8.4081822068171795e-06,9.9999999999999995e-07
0.050163306262114758,8.1653131057378927e-06,9.9999999999999995e-07
0.055158608124017287,7.9304062008644166e-06,9.9999999999999995e-07
0.060154064009207128,7.703200460356394e-06,9.9999999999999995e-07
0.065149668868200311,7.4834434100150974e-06,9.9999999999999995e-07
0.07014541781705462,7.2708908527305612e-06,9.9999999999999995e-07
0.075141306131942517,7.0653065971263342e-06,9.9999999999999995e-07
0.080137329243902003,6.8664621951003188e-06,9.9999999999999995e-07
0.085133482733759411,6.6741366879700373e-06,9.9999999999999995e-07
0.090129762327218796,6.488116360940264e-06,9.9999999999999995e-07
0.0951261638901124,6.308194505620139e-06,9.9999999999999995e-07
0.10012268342380652,6.13417119032592e-06,9.9999999999999995e-07
0.10511931706075828,5.9658530379140956e-06,9.9999999999999995e-07
0.11011606106021796,5.8030530108979938e-06,9.9999999999999995e-07
0.11511291180407218,5.6455902036091149e-06,9.9999999999999995e-07
0.12010986579282344,5.4932896411722158e-06,9.9999999999999995e-07
0.12510691964170143,5.3459820850707817e-06,9.9999999999999995e-07
0.13010407007690175,5.2035038450868189e-06,9.9999999999999995e-07
0.13510131393194813,5.0656965974059904e-06,9.9999999999999995e-07
0.14009864814417372,4.9324072086859818e-06,9.9999999999999995e-07
0.14509606975131784,4.8034875658925859e-06,9.9999999999999995e-07
0.15009357588823427,4.6787944117144233e-06,9.9999999999999995e-07
0.15509116378370746,4.5581891853734194e-06,9.9999999999999995e-07
0.1600888307573731,4.441537868654124e-06,9.9999999999999995e-07
0.16508657421673961,4.328710836980796e-06,9.9999999999999995e-07
0.17008439165430755,4.2195827153767589e-06,9.9999999999999995e-07
0.17508228064478293,4.1140322391459773e-06,9.9999999999999995e-07
0.18008023884238245,4.0119421191220207e-06,9.9999999999999995e-07
0.18507826397822669,3.9131989113347102e-06,9.9999999999999995e-07
0.19007635385781899,3.8176928909495834e-06,9.9999999999999995e-07
0.19507450635860682,3.7253179303401263e-06,9.9999999999999995e-07
0.20007271942762317,3.6359713811572676e-06,9.9999999999999995e-07
0.20507099107920532,3.549553960265099e-06,9.9999999999999995e-07
0.21006931939278831,3.4659696394160651e-06,9.9999999999999995e-07
0.21506770251077087,3.3851255385430245e-06,9.9999999999999995e-07
0.220066138636451,3.3069318225496279e-06,9.9999999999999995e-07
0.2250646260320297,3.2313016014842979e-06,9.9999999999999995e-07
0.23006316301667976,3.1581508339868979e-06,9.9999999999999995e-07
0.23506174796467802,3.0873982339007959e-06,9.9999999999999995e-07
0.24006037930359891,3.0189651799465536e-06,9.9999999999999995e-07
0.24505905551256713,2.9527756283568575e-06,9.9999999999999995e-07
0.25005777512056754,2.8887560283756184e-06,9.9999999999999995e-07
0.25505653670481054,2.8268352405273463e-06,9.9999999999999995e-07
0.26005533888915133,2.7669444575659675e-06,9.9999999999999995e-07
0.26505418034256034,2.7090171280152476e-06,9.9999999999999995e-07
0.27005305977764432,2.652988882215865e-06,9.9999999999999995e-07
0.27505197594921599,2.5987974607969387e-06,9.9999999999999995e-07
0.2800509276529099,2.5463826454925479e-06,9.9999999999999995e-07
0.28504991372384458,2.4956861922263501e-06,9.9999999999999995e-07
0.29004893303532781,2.4466517663899506e-06,9.9999999999999995e-07
0.29504798449760483,2.3992248802430941e-06,9.9999999999999995e-07
0.3000470670566473,2.3533528323661268e-06,9.9999999999999995e-07
0.30504617969298192,2.3089846490974435e-06,9.9999999999999995e-07
0.3100453214205578,2.2660710278908358e-06,9.9999999999999995e-07
0.3150444912856506,2.2245642825298192e-06,9.9999999999999995e-07
0.32004368836580277,2.184418290138037e-06,9.9999999999999995e-07
0.32504291176879857,2.1455884399268772e-06,9.9999999999999995e-07
0.33004216063167247,2.108031583623339e-06,9.9999999999999995e-07
0.33504143411975046,2.0717059875230672e-06,9.9999999999999995e-07
0.34004073142572233,2.0365712861152782e-06,9.9999999999999995e-07
0.34504005176874458,2.0025884372280369e-06,9.9999999999999995e-07
0.3500393943935729,1.9697196786440504e-06,9.9999999999999995e-07
0.35503875856972278,1.9379284861387625e-06,9.9999999999999995e-07
0.36003814359065789,1.907179532894125e-06,9.9999999999999995e-07
0.36503754877300487,1.8774386502429428e-06,9.9999999999999995e-07
0.370036973455794,1.848672789700174e-06,9.9999999999999995e-07
0.37503641699972479,1.8208499862389881e-06,9.9999999999999995e-07
0.38003587878645539,1.793939322770782e-06,9.9999999999999995e-07
0.38503535821791579,1.7679108957896802e-06,9.9999999999999995e-07
0.39003485471564286,1.7427357821433388e-06,9.9999999999999995e-07
0.39503436772013789,1.7183860068931325e-06,9.9999999999999995e-07
0.40003389669024458,1.694834512228015e-06,9.9999999999999995e-07
0.40503344110254796,1.6720551273974975e-06,9.9999999999999995e-07
0.41003300045079266,1.650022539630345e-06,9.9999999999999995e-07
0.4150325742453202,1.6287122660066725e-06,9.9999999999999995e-07
0.42003216201252502,1.6081006262521798e-06,9.9999999999999995e-07
0.42503176329432846,1.5881647164242989e-06,9.9999999999999995e-07
0.43003137764766919,1.5688823834610151e-06,9.9999999999999995e-07
0.43503100464401129,1.5502322005640722e-06,9.9999999999999995e-07
0.44003064386886781,1.532193443389215e-06,9.9999999999999995e-07
0.44503029492134033,1.5147460670170076e-06,9.9999999999999995e-07
0.45002995741367358,1.4978706836786396e-06,9.9999999999999995e-07
0.45502963097082427,1.4815485412119638e-06,9.9999999999999995e-07
0.46002931523004448,1.4657615022238341e-06,9.9999999999999995e-07
0.46502900984047874,1.4504920239355781e-06,9.9999999999999995e-07
0.47002871446277383,1.435723138689216e-06,9.9999999999999995e-07
0.47502842876870188,1.4214384350927639e-06,9.9999999999999995e-07
0.48002815244079566,1.4076220397836621e-06,9.9999999999999995e-07
0.4850278851719958,1.3942585997900748e-06,9.9999999999999995e-07
0.49002762666530941,1.3813332654704519e-06,9.9999999999999995e-07
0.49502737663348023,1.3688316740124e-06,9.9999999999999995e-07
0.50002713479866945,1.3567399334725239e-06,9.9999999999999995e-07
0.50502696009029391,1.3480045146970974e-06,9.9999999999999995e-07
0.51002691121295263,1.3455606476315439e-06,9.9999999999999995e-07
0.51502698721528439,1.3493607642205656e-06,9.9999999999999995e-07
0.52002718669059844,1.3593345299193624e-06,9.9999999999999995e-07
0.52502750778119567,1.3753890597804547e-06,9.9999999999999995e-07
0.53002794818451104,1.3974092255525715e-06,9.9999999999999995e-07
0.53502850516105027,1.4252580525135402e-06,9.9999999999999995e-07
0.54002917554408814,1.4587772044071304e-06,9.9999999999999995e-07
0.54502995575109026,1.4977875545082071e-06,9.9999999999999995e-07
0.55003084179681005,1.5420898405026533e-06,9.9999999999999995e-07
0.55503182930801087,1.5914654005397103e-06,9.9999999999999995e-07
0.56003291353974993,1.6456769874959363e-06,9.9999999999999995e-07
0.56503408939316369,1.7044696581831336e-06,9.9999999999999995e-07
0.57003535143467887,1.7675717339386221e-06,9.9999999999999995e-07
0.57503669391657519,1.8346958287562222e-06,9.9999999999999995e-07
0.58003811079881695,1.9055399408514206e-06,9.9999999999999995e-07
0.5850395957720661,1.9797886033054705e-06,9.9999999999999995e-07
0.59004114228178395,2.0571140892015205e-06,9.9999999999999995e-07
0.59504274355332898,2.1371776664523975e-06,9.9999999999999995e-07
0.60004439261794651,2.2196308973249202e-06,9.9999999999999995e-07
0.60504608233954982,2.3041169774906978e-06,9.9999999999999995e-07
0.61004780544218551,2.3902721092786884e-06,9.9999999999999995e-07
0.61504955453807342,2.4777269036711557e-06,9.9999999999999995e-07
0.62005132215610947,2.5661078054724853e-06,9.9999999999999995e-07
0.62505310077071985,2.6550385359900927e-06,9.9999999999999995e-07
0.63005488283095001,2.7441415474987471e-06,9.9999999999999995e-07
0.63505666078967427,2.8330394837142648e-06,9.9999999999999995e-07
0.64005842713280958,2.9213566404799381e-06,9.9999999999999995e-07
0.64506017440841745,3.0087204208692918e-06,9.9999999999999995e-07
0.65006189525557867,3.094762778931831e-06,9.9999999999999995e-07
0.65506358243292706,3.1791216463542945e-06,9.9999999999999995e-07
0.66006522884672758,3.2614423363782935e-06,9.9999999999999995e-07
0.6650668275783882,3.3413789194059526e-06,9.9999999999999995e-07
0.67006837191129676,3.4185955648377746e-06,9.9999999999999995e-07
0.67506985535687647,3.492767843821133e-06,9.9999999999999995e-07
0.6800712716797549,3.5635839877429031e-06,9.9999999999999995e-07
0.6850726149219496,3.6307460974752114e-06,9.9999999999999995e-07
0.69007387942597165,3.6939712985784536e-06,9.9999999999999995e-07
0.69507505985675766,3.7529928378797857e-06,9.9999999999999995e-07
0.70007615122234157,3.8075611170773736e-06,9.9999999999999995e-07
0.7050771488931854,3.8574446592699799e-06,9.9999999999999995e-07
0.7100780486200915,3.9024310045768501e-06,9.9999999999999995e-07
0.71507884655062581,3.9423275312933745e-06,9.9999999999999995e-07
0.72007953924398638,3.9769621993225772e-06,9.9999999999999995e-07
0.72508012368425856,4.0061842129297938e-06,9.9999999999999995e-07
0.7300805972920037,4.0298646001869618e-06,9.9999999999999995e-07
0.73508095793413608,4.0478967068022761e-06,9.9999999999999995e-07
0.74008120393204735,4.0601966023694638e-06,9.9999999999999995e-07
0.7450813340679483,4.0667033974170865e-06,9.9999999999999995e-07
0.75008134758939982,4.0673794699908542e-06,9.9999999999999995e-07
0.75508124421201717,4.0622106008595065e-06,9.9999999999999995e-07
0.76008102412033596,4.0512060167958892e-06,9.9999999999999995e-07
0.76508068796683493,4.0343983417481898e-06,9.9999999999999995e-07
0.77008023686912164,4.0118434560801974e-06,9.9999999999999995e-07
0.77507967240528852,3.9836202644228034e-06,9.9999999999999995e-07
0.78007899660746083,3.949830373039984e-06,9.9999999999999995e-07
0.78507821195355942,3.9105976779700901e-06,9.9999999999999995e-07
0.79007732135731112,3.8660678655557806e-06,9.9999999999999995e-07
0.7950763281565465,3.8164078273221251e-06,9.9999999999999995e-07
0.80007523609983011,3.7618049915007351e-06,9.9999999999999995e-07
0.80507404933147664,3.7024665738272415e-06,9.9999999999999995e-07
0.81007277237501119,3.6386187505582437e-06,9.9999999999999995e-07
0.81507141011513928,3.5705057569612842e-06,9.9999999999999995e-07
0.82006996777829655,3.4983889148257826e-06,9.9999999999999995e-07
0.82506845091185654,3.4225455928233495e-06,9.9999999999999995e-07
0.8300668653620763,3.343268103811219e-06,9.9999999999999995e-07
0.83506521725086835,3.2608625434216828e-06,9.9999999999999995e-07
0.84006351295149018,3.1756475745124394e-06,9.9999999999999995e-07
0.84506175906324532,3.0879531622667231e-06,9.9999999999999995e-07
0.85005996238529857,2.9981192649270688e-06,9.9999999999999995e-07
0.85505812988970642,2.9064944853219956e-06,9.9999999999999995e-07
0.86005626869376994,2.8134346884998152e-06,9.9999999999999995e-07
0.86505438603181839,2.7193015909178462e-06,9.9999999999999995e-07
0.870052489226535,2.6244613267477278e-06,9.9999999999999995e-07
0.87505058565993898,2.5292829969481825e-06,9.9999999999999995e-07
0.8800486827441365,2.4341372068246778e-06,9.9999999999999995e-07
0.88504678789195679,2.3393945978412272e-06,9.9999999999999995e-07
0.89004490848758944,2.2454243794723616e-06,9.9999999999999995e-07
0.89504305185733768,2.1525928668833822e-06,9.9999999999999995e-07
0.90004122524060415,2.0612620302042431e-06,9.9999999999999995e-07
0.90503943576122237,1.9717880611167475e-06,9.9999999999999995e-07
0.9100376903992482,1.884519962406728e-06,9.9999999999999995e-07
0.91503599596332086,1.7997981660422843e-06,9.9999999999999995e-07
0.92003435906370457,1.7179531852268852e-06,9.9999999999999995e-07
0.92503278608611483,1.6393043057420985e-06,9.9999999999999995e-07
0.9300312831664348,1.5641583217399223e-06,9.9999999999999995e-07
0.93502985616641943,1.4928083209693327e-06,9.9999999999999995e-07
0.94002851065048454,1.4255325242268005e-06,9.9999999999999995e-07
0.9450272518636722,1.362593183606605e-06,9.9999999999999995e-07
0.95002608471087802,1.3042355438949221e-06,9.9999999999999995e-07
0.9550250137374241,1.2506868712025519e-06,9.9999999999999995e-07
0.96002404311105327,1.2021555526659447e-06,9.9999999999999995e-07
0.96502317660541526,1.1588302707658391e-06,9.9999999999999995e-07
0.97002241758511032,1.1208792555184663e-06,9.9999999999999995e-07
0.97502176899234971,1.0884496174870456e-06,9.9999999999999995e-07
0.98002123333528479,1.0616667642424893e-06,9.9999999999999995e-07
0.98502081267805142,1.0406339025729752e-06,9.9999999999999995e-07
0.99002050863256807,1.0254316284037621e-06,9.9999999999999995e-07
0.9950203223521209,1.016117606042567e-06,9.9999999999999995e-07
1.0000202545267602,1.012726338013398e-06,9.9999999999999995e-07
