Qc,Ec,Qd,Ed
0,1.3999999999999999,0,1.6000000000000001
0.0035999999999999999,1.4039999999999999,0.0033119999999999998,1.5960000000000001
0.0071999999999999998,1.4079999999999999,0.0066239999999999997,1.5920000000000001
0.010800000000000001,1.4119999999999999,0.0099360000000000004,1.5880000000000001
0.0144,1.4159999999999999,0.013247999999999999,1.5840000000000001
0.017999999999999999,1.4199999999999999,0.016559999999999998,1.5800000000000001
0.021600000000000001,1.4239999999999999,0.019872000000000001,1.5760000000000001
0.0252,1.4279999999999999,0.023184,1.5720000000000001
0.028799999999999999,1.4319999999999999,0.026495999999999999,1.5680000000000001
0.032399999999999998,1.4359999999999999,0.029808000000000001,1.5640000000000001
0.035999999999999997,1.4399999999999999,0.033119999999999997,1.5600000000000001
0.039599999999999996,1.444,0.036431999999999999,1.556
0.043200000000000002,1.448,0.039744000000000002,1.552
0.046800000000000001,1.452,0.043056000000000004,1.548
0.0504,1.456,0.046367999999999999,1.544
0.053999999999999999,1.46,0.049680000000000002,1.54
0.057599999999999998,1.464,0.052991999999999997,1.536
0.061199999999999997,1.468,0.056304,1.532
0.064799999999999996,1.472,0.059616000000000002,1.528
0.068400000000000002,1.476,0.062928000000000012,1.524
0.071999999999999995,1.48,0.066239999999999993,1.52
0.075600000000000001,1.484,0.069552000000000003,1.516
0.079199999999999993,1.488,0.072863999999999998,1.512
0.082799999999999999,1.492,0.076176000000000008,1.508
0.086400000000000005,1.496,0.079488000000000003,1.504
0.089999999999999997,1.5,0.082799999999999999,1.5
0.093600000000000003,1.504,0.086112000000000008,1.496
0.097199999999999995,1.508,0.089424000000000003,1.492
0.1008,1.512,0.092735999999999999,1.488
0.10439999999999999,1.516,0.096047999999999994,1.484
0.108,1.52,0.099360000000000004,1.48
0.11159999999999999,1.524,0.102672,1.476
0.1152,1.528,0.10598399999999999,1.472
0.1188,1.532,0.109296,1.468
0.12239999999999999,1.536,0.112608,1.464
0.126,1.54,0.11592000000000001,1.46
0.12959999999999999,1.5439999999999998,0.119232,1.456
0.13319999999999999,1.5479999999999998,0.12254399999999999,1.4520000000000002
0.1368,1.552,0.12585600000000002,1.448
0.1404,1.5559999999999998,0.12916800000000001,1.4440000000000002
0.14399999999999999,1.5599999999999998,0.13247999999999999,1.4400000000000002
0.14760000000000001,1.5640000000000001,0.13579200000000002,1.4359999999999999
0.1512,1.5679999999999998,0.13910400000000001,1.4320000000000002
0.15479999999999999,1.5719999999999998,0.14241599999999999,1.4280000000000002
0.15839999999999999,1.5759999999999998,0.145728,1.4240000000000002
0.16200000000000001,1.5800000000000001,0.14904000000000001,1.4200000000000002
0.1656,1.5839999999999999,0.15235200000000002,1.4160000000000001
0.16919999999999999,1.5879999999999999,0.155664,1.4120000000000001
0.17280000000000001,1.5919999999999999,0.15897600000000001,1.4080000000000001
0.1764,1.5959999999999999,0.16228800000000002,1.4040000000000001
0.17999999999999999,1.5999999999999999,0.1656,1.4000000000000001
0.18359999999999999,1.6039999999999999,0.16891200000000001,1.3960000000000001
0.18720000000000001,1.6079999999999999,0.17222400000000002,1.3920000000000001
0.1908,1.6119999999999999,0.175536,1.3880000000000001
0.19439999999999999,1.6159999999999999,0.17884800000000001,1.3840000000000001
0.19799999999999998,1.6199999999999999,0.18215999999999999,1.3800000000000001
0.2016,1.6239999999999999,0.185472,1.3760000000000001
0.20519999999999999,1.6279999999999999,0.18878400000000001,1.3720000000000001
0.20879999999999999,1.6319999999999999,0.19209599999999999,1.3680000000000001
0.21240000000000001,1.6359999999999999,0.19540800000000003,1.3640000000000001
0.216,1.6399999999999999,0.19872000000000001,1.3600000000000001
0.21959999999999999,1.6439999999999999,0.20203199999999999,1.3560000000000001
0.22319999999999998,1.6479999999999999,0.205344,1.3520000000000001
0.2268,1.6519999999999999,0.20865600000000001,1.3480000000000001
0.23039999999999999,1.6559999999999999,0.21196799999999999,1.3440000000000001
0.23399999999999999,1.6599999999999999,0.21528,1.3400000000000001
0.23760000000000001,1.6639999999999999,0.21859200000000001,1.3360000000000001
0.2412,1.6679999999999999,0.22190400000000002,1.3320000000000001
0.24479999999999999,1.6719999999999999,0.225216,1.3280000000000001
0.24839999999999998,1.6759999999999999,0.22852799999999998,1.3240000000000001
0.252,1.6799999999999999,0.23184000000000002,1.3200000000000001
0.25559999999999999,1.6839999999999999,0.235152,1.3160000000000001
0.25919999999999999,1.6879999999999999,0.23846400000000001,1.3120000000000001
0.26279999999999998,1.6919999999999999,0.24177599999999999,1.3080000000000001
0.26639999999999997,1.696,0.24508799999999997,1.304
0.27000000000000002,1.7,0.24840000000000004,1.3
0.27360000000000001,1.704,0.25171200000000005,1.296
0.2772,1.708,0.25502400000000003,1.292
0.28079999999999999,1.712,0.25833600000000001,1.288
0.28439999999999999,1.716,0.26164799999999999,1.284
0.28799999999999998,1.72,0.26495999999999997,1.28
0.29159999999999997,1.724,0.26827200000000001,1.276
0.29520000000000002,1.728,0.27158400000000005,1.272
0.29880000000000001,1.732,0.27489600000000003,1.268
0.3024,1.736,0.27820800000000001,1.264
0.30599999999999999,1.74,0.28151999999999999,1.26
0.30959999999999999,1.744,0.28483199999999997,1.256
0.31319999999999998,1.748,0.28814400000000001,1.252
0.31679999999999997,1.752,0.29145599999999999,1.248
0.32040000000000002,1.756,0.29476800000000003,1.244
0.32400000000000001,1.76,0.29808000000000001,1.24
0.3276,1.764,0.30139199999999999,1.236
0.33119999999999999,1.768,0.30470400000000003,1.232
0.33479999999999999,1.772,0.30801600000000001,1.228
0.33839999999999998,1.776,0.31132799999999999,1.224
0.34199999999999997,1.7799999999999998,0.31463999999999998,1.2200000000000002
0.34560000000000002,1.7839999999999998,0.31795200000000001,1.216
0.34920000000000001,1.7879999999999998,0.32126400000000005,1.212
0.3528,1.7919999999999998,0.32457600000000003,1.208
0.35639999999999999,1.7959999999999998,0.32788800000000001,1.2040000000000002
0.35999999999999999,1.7999999999999998,0.33119999999999999,1.2
