f,real,imag
1000,3.0011397911631899,-0.14326220960164004
743.75272756590459,3.0020603733764197,-0.19261090216119037
553.16811976172266,3.0037243340956374,-0.25894775448128127
411.42029787528423,3.006731609444206,-0.34810560408963753
305.99496872071961,3.0121655176425604,-0.46789811694827982
227.58459260747887,3.0219804417264498,-0.62876121506350047
169.26666150378762,3.0396963977272589,-0.84455724838111867
125.89254117941675,3.07163429385378,-1.1335161785524936
93.632920882394174,3.1290832733867111,-1.5191672587195879
69.639740296243218,3.2320087308005934,-2.0308090236106704
51.794746792312125,3.4150962865195451,-2.7023599345850302
38.522484200367529,3.7366753675093642,-3.5669818925170418
28.651202696637817,4.289121496750786,-4.6424849421684371
21.309410153667979,5.2029890858070242,-5.9007006378519771
15.848931924611142,6.624201020897412,-7.2200956983288096
11.787686347935878,8.6352081229562234,-8.3500457096142444
8.7671238729686856,11.13095079207886,-8.9615742861798893
6.5205722934286179,13.769317641958642,-8.8292522647938263
4.8496934285282007,16.125222137481174,-8.0054728809319453
3.6069727153262927,17.932189070279378,-6.7770709973343628
2.6826957952797272,19.163096945605691,-5.4607268831281832
1.9952623149688808,19.935340110904178,-4.262184353120003
1.4839817889675662,20.39508429020789,-3.2653290059860347
1.1037155032027579,20.66029274769965,-2.4782662318641622
0.8208914159638262,20.810512523413358,-1.8760380306400559
0.61054022965853327,20.894733152916093,-1.4250635761786326
0.45409096109724795,20.941702230288399,-1.0938939646429471
0.33773139087910126,20.967858717278428,-0.8568057885912046
0.25118864315095824,20.982484683575528,-0.69432995327592917
0.18682223847710386,20.990810333979326,-0.59272722917249521
0.13894954943731389,20.995825701727028,-0.5432762327820172
0.1033441063880557,20.999336387237673,-0.54171089598984912
0.076862461003977464,21.002608000675956,-0.58792737579838994
0.057166665019136274,21.006820570186754,-0.68600371544825689
0.042517863033828943,21.01349317171039,-0.84455801208112935
0.031622776601683791,21.025030025346499,-1.0774751245621341
0.023519526350709613,21.045581720671919,-1.4050375037880893
0.017492711874398461,21.082522169038043,-1.855480816823696
0.013010252169108328,21.149041398479209,-2.4669174495948103
0.0096764105370945354,21.268683715779975,-3.2893341982433282
0.0071968567300115284,21.483129663958181,-4.38575791866357
0.0053526818228471166,21.864965833000273,-5.8302497131741768
0.0039810717055349778,22.536823850481472,-7.697391850280864
0.0029609329396270844,23.694600543876607,-10.03282513457531
0.0022022019499873782,25.619827745102761,-12.789751257595938
0.0016378937069540681,28.638917652747708,-15.72641649170756
0.0012181879120101173,32.963832511809571,-18.31723114100507
0.00090603058224533793,38.419328291672763,-19.834853903026946
0.00067386271680309551,44.295474319518668,-19.728152137834559
0.0005011872336272735,49.639730040754301,-18.038735040067735
0.00037275937203149455,53.802470855603396,-15.366282920595481
0.00027724079967417757,56.67045137844044,-12.427893613939798
0.00020619860095022233,58.483313420632179,-9.7130227891490737
0.00015336077187700156,59.56757899999856,-7.4330455848502837
0.00011406249238513225,60.19474525886038,-5.6182429005080579
8.4834289824407252e-05,60.550515484142153,-4.216510690772882
6.3095734448019429e-05,60.7501047463834,-3.1518664479103897
4.6927624593488502e-05,60.861378947714641,-2.3507712175934796
3.4902548789595865e-05,60.923200328270887,-1.7511039805902835
2.5958865861263959e-05,60.95748039184393,-1.3035066074077921
1.9306977288832537e-05,60.976468331280543,-0.96994727744681342
1.4359617019622188e-05,60.986979608421933,-0.72159060737221792
1.0680004325145776e-05,60.992796486734512,-0.53676305009829417
7.9432823472428217e-06,60.996014925436356,-0.39925110845247191
5.9078379115879556e-06,60.997795485659346,-0.29695731978864692
4.3939705607608039e-06,60.998780502915636,-0.22086825546058497
3.2680275894101388e-06,60.999325403900926,-0.16427360518979675
2.4306044333844115e-06,60.999626832132172,-0.12217986260564698
1.8077686769634379e-06,60.999793574571697,-0.090871984856896029
1.344532884299765e-06,60.999885811770639,-0.067586442439678776
9.9999999999999995e-07,60.999936834631299,-0.050267665028204317
