E,j
0.120005,9.9999999999999995e-07
0.12370473261799651,1.1525227320976155e-06
0.12740458155191201,1.3283086480017494e-06
0.13110456454256836,1.5309059120638659e-06
0.13480470203666586,1.7644038643562388e-06
0.13850501759949146,2.0335155622714432e-06
0.14220553839057404,2.3436729115920974e-06
0.14590629571188818,2.7011363072112974e-06
0.14960732563967094,3.1131209965552286e-06
0.15330866975260568,3.5879427163002837e-06
0.15701037597107015,4.1351855420001348e-06
0.16071249952438918,4.7658953385965537e-06
0.16441510406561488,5.492802716530591e-06
0.16811826295633686,6.3305799937290283e-06
0.1718220607474549,7.2961373501350853e-06
0.17552659488580297,8.4089641525371458e-06
0.17923197768107227,9.6915223391930211e-06
0.18293833857273512,1.1169699804551814e-05
0.18664582674272559,1.2873332935452232e-05
0.1903546141266142,1.4836808845969623e-05
0.1940648988840542,1.7099759466766982e-05
0.19777690939855064,1.9707861498850305e-05
0.20149090888728469,2.2713758378456362e-05
0.20520720071404114,2.6178122862543631e-05
0.2089261345124781,3.0170881682725839e-05
0.21264811324333427,3.4772626986769014e-05
0.2163736013280215,4.00762430570023e-05
0.22010313402277384,4.6188781140264389e-05
0.22383732822256866,5.3233620232036219e-05
0.22757689491289088,6.1352957429273292e-05
0.23132265352067383,7.071067811865474e-05
0.23507554845408554,8.149566393378705e-05
0.23883666816500801,9.3925605251077358e-05
0.24260726711897806,0.0001082513951778936
0.24638879111604364,0.00012476219372380457
0.25018290647362595,0.00014379126437305109
0.25399153366043165,0.00016572270086699935
0.25781688606030184,0.00019099917997382978
0.26166151464842791,0.00022013089673184248
0.26552835948170711,0.00025370586252048088
0.26942080904254717,0.00029240177382128669
0.27334276863395024,0.000336999691234698
0.27729873920640213,0.00038839980485786698
0.2812939082076536,0.00044763960424096916
0.28533425428915932,0.0005159148196748971
0.28942666798262762,0.00059460355750136048
0.29357909078248901,0.00068529411660642962
0.29780067544160116,0.00078981704756166332
0.30210197071569406,0.00091028210151303962
0.30649513428554176,0.0010491208146153675
0.31099417815460578,0.001209135587560978
0.3156152514753981,0.0013935562508522342
0.32037696651329262,0.0016061052575639253
0.32530077432722859,0.0018510728194839196
0.33041139775026124,0.0021334035032232412
0.33573733040948833,0.0024587960342014738
0.34131141185786035,0.002833818323008662
0.34717149042666423,0.0032660400359022261
0.35336118717808013,0.0037641853853182241
0.35993077637786952,0.0043383092244088754
0.36693820026016111,0.0050000000000000001
