x,y,z
-2,-1.5,0.0031281291988750626
-1.6666666666666667,-1.5,0.04213412964791452
-1.3333333333333335,-1.5,0.13264549119883784
-1,-1.5,0.25250187584988865
-0.66666666666666674,-1.5,0.37235826050093934
-0.33333333333333348,-1.5,0.46286962205186277
0,-1.5,0.50187562250090223
0.33333333333333304,-1.5,0.47982623255630913
0.66666666666666652,-1.5,0.40211991187587781
1,-1.5,0.28778187786485543
1.333333333333333,-1.5,0.16480606892748378
1.6666666666666665,-1.5,0.063301252022906596
2,-1.5,0.0081193464336143939
-2,-1.125,0.093582847668301605
-1.6666666666666667,-1.125,0.13258884811734106
-1.3333333333333335,-1.125,0.22310020966826444
-1,-1.125,0.34295659431931524
-0.66666666666666674,-1.125,0.46281297897036594
-0.33333333333333348,-1.125,0.55332434052128932
0,-1.125,0.59233034097032888
0.33333333333333304,-1.125,0.57028095102573573
0.66666666666666652,-1.125,0.49257463034530435
1,-1.125,0.37823659633428203
1.333333333333333,-1.125,0.25526078739691038
1.6666666666666665,-1.125,0.15375597049233314
2,-1.125,0.098574064903040992
-2,-0.75,0.26831055376591212
-1.6666666666666667,-0.75,0.30731655421495163
-1.3333333333333335,-0.75,0.39782791576587495
-1,-0.75,0.5176843004169257
-0.66666666666666674,-0.75,0.63754068506797645
-0.33333333333333348,-0.75,0.72805204661889977
0,-0.75,0.76705804706793934
0.33333333333333304,-0.75,0.74500865712334619
0.66666666666666652,-0.75,0.66730233644291492
1,-0.75,0.55296430243189254
1.333333333333333,-0.75,0.42998849349452084
1.6666666666666665,-0.75,0.32848367658994371
2,-0.75,0.27330177100065145
-2,-0.375,0.43354847056744161
-1.6666666666666667,-0.375,0.47255447101648107
-1.3333333333333335,-0.375,0.56306583256740439
-1,-0.375,0.68292221721845525
-0.66666666666666674,-0.375,0.802778601869506
-0.33333333333333348,-0.375,0.89328996342042932
0,-0.375,0.93229596386946878
0.33333333333333304,-0.375,0.91024657392487573
0.66666666666666652,-0.375,0.83254025324444436
1,-0.375,0.71820221923342209
1.333333333333333,-0.375,0.59522641029605039
1.6666666666666665,-0.375,0.49372159339147315
2,-0.375,0.438539687802181
-2,0,0.50062625334898636
-1.6666666666666667,0,0.53963225379802582
-1.3333333333333335,0,0.63014361534894925
-1,0,0.75
-0.66666666666666674,0,0.86985638465105075
-0.33333333333333348,0,0.96036774620197407
0,0,0.99937374665101364
0.33333333333333304,0,0.97732435670642048
0.66666666666666652,0,0.89961803602598911
1,0,0.78528000201496684
1.333333333333333,0,0.66230419307759514
1.6666666666666665,0,0.56079937617301789
2,0,0.50561747058372575
-2,0.375,0.43354847056744161
-1.6666666666666667,0.375,0.47255447101648107
-1.3333333333333335,0.375,0.56306583256740439
-1,0.375,0.68292221721845525
-0.66666666666666674,0.375,0.802778601869506
-0.33333333333333348,0.375,0.89328996342042932
0,0.375,0.93229596386946878
0.33333333333333304,0.375,0.91024657392487573
0.66666666666666652,0.375,0.83254025324444436
1,0.375,0.71820221923342209
1.333333333333333,0.375,0.59522641029605039
1.6666666666666665,0.375,0.49372159339147315
2,0.375,0.438539687802181
-2,0.75,0.26831055376591212
-1.6666666666666667,0.75,0.30731655421495163
-1.3333333333333335,0.75,0.39782791576587495
-1,0.75,0.5176843004169257
-0.66666666666666674,0.75,0.63754068506797645
-0.33333333333333348,0.75,0.72805204661889977
0,0.75,0.76705804706793934
0.33333333333333304,0.75,0.74500865712334619
0.66666666666666652,0.75,0.66730233644291492
1,0.75,0.55296430243189254
1.333333333333333,0.75,0.42998849349452084
1.6666666666666665,0.75,0.32848367658994371
2,0.75,0.27330177100065145
-2,1.125,0.093582847668301605
-1.6666666666666667,1.125,0.13258884811734106
-1.3333333333333335,1.125,0.22310020966826444
-1,1.125,0.34295659431931524
-0.66666666666666674,1.125,0.46281297897036594
-0.33333333333333348,1.125,0.55332434052128932
0,1.125,0.59233034097032888
0.33333333333333304,1.125,0.57028095102573573
0.66666666666666652,1.125,0.49257463034530435
1,1.125,0.37823659633428203
1.333333333333333,1.125,0.25526078739691038
1.6666666666666665,1.125,0.15375597049233314
2,1.125,0.098574064903040992
-2,1.5,0.0031281291988750626
-1.6666666666666667,1.5,0.04213412964791452
-1.3333333333333335,1.5,0.13264549119883784
-1,1.5,0.25250187584988865
-0.66666666666666674,1.5,0.37235826050093934
-0.33333333333333348,1.5,0.46286962205186277
0,1.5,0.50187562250090223
0.33333333333333304,1.5,0.47982623255630913
0.66666666666666652,1.5,0.40211991187587781
1,1.5,0.28778187786485543
1.333333333333333,1.5,0.16480606892748378
1.6666666666666665,1.5,0.063301252022906596
2,1.5,0.0081193464336143939
