x,v1,v2,v3,v4,v5,v6,v7
0,0,1.1168255026925951,2.2152068272698568,3.279611725790168,4.2998720809124515,5.2727892280477047,6.2026389541653453
0.125,0.037402420015568309,1.1503639014021394,2.2395862289596442,3.2909831589878062,4.2964402463511719,5.2550959369455352,6.173477588147132
0.25,0.074221187776356876,1.1815559217208118,2.260226967678205,3.2978138973112765,4.2883825608925896,5.2334219590663764,6.1416091623869651
0.375,0.10988175872581427,1.2099148226039811,2.2768069516013099,3.299997349373641,4.2758247620233227,5.2081055095859812,6.1075309730101592
0.5,0.1438276615812609,1.234998072888245,2.2890674556251578,3.2974994431357407,4.2589628099946619,5.1795416432311869,6.0717747987641948
0.625,0.17552918188213865,1.2564142568422281,2.2968171586850885,3.2903591575889717,4.238059829928388,5.1481760895830266,6.0348986027892177
0.75,0.20449162800700024,1.2738291820781562,2.2999351292568071,3.2786879145011607,4.213442005837253,5.1144982976156994,5.9974778257898551
0.875,0.2302630506708081,1.2869710945122956,2.2983727124523741,3.2626678397171451,4.1854934906325552,5.0790337980090259,5.9600964064754791
1,0.25244129544236893,1.2956349189965382,2.2921542892634585,3.2425489211458771,4.1546504115464389,5.0423360024179598,5.9233376693919508
1.125,0.27068027822972857,1.2996854594474976,2.2813768961041183,3.2186451077827138,4.1213940645123106,5.0049775676688046,5.8877752223371802
1.25,0.28469538580667586,1.2990595085361756,2.2662087105900124,3.1913294106403511,4.0862434037027633,4.9675414596409677,5.8539640054032898
1.375,0.29426791710694666,1.2937668340171886,2.2468864271829578,3.1610280820367236,4.0497469434232878,4.930611856279393,5.822431631322079
1.5,0.29924849598121633,1.2838900263062243,2.223711563653016,3.1282139640701487,4.0124741987299872,4.8947650316931144,5.7936701522448075
1.625,0.29955940216194948,1.2695832096842288,2.1970457559945382,3.0933991100765303,3.9750067983376089,4.8605603635905172,5.7681283814329527
1.75,0.29519578406218105,1.2510696372395493,2.1673051152174252,3.0571267942083082,3.9379294084979799,4.8285316043772966,5.7462048896773661
1.875,0.28622573448290811,1.2286382070781607,2.1349537340739881,3.0199630338230166,3.9018206094786931,4.7991785521286792,5.7282417857343919
2,0.2727892280477045,1.2026389541653453,2.1004964450467716,2.9824877569717261,3.8672438670115441,4.772959251407622,5.7145193778331453
2.125,0.25509593694553562,1.1734775881471324,2.0644709426065062,2.9452857528157703,3.834738739598242,4.7502828456326043,5.7052517995593464
2.25,0.23342195906637636,1.1416091623869649,2.0274393926697312,2.9089375461874711,3.8048124588804497,4.7315031925314246,5.7005836683723361
2.375,0.20810550958598154,1.107530973010159,1.9899796601876876,2.8740103386942901,3.7779320144596653,4.7169133423097112,5.7005878288979916
2.5,0.17954164323118696,1.0717747987641948,1.9526762917570255,2.8410491577274519,3.7545168666806767,4.7067409647004705,5.7052642162126999
2.625,0.14817608958302675,1.034898602789218,1.9161113939656713,2.8105683514917912,3.7349324010931775,4.7011447962540558,5.7145398568564758
2.75,0.11449829761569949,0.99747782578985544,1.8808555498142121,2.7830435627740462,3.7194842267324653,4.7002121633073868,5.7282700075593889
2.875,0.079033798009026254,0.96009640647547911,1.847458914959009,2.7589043066962535,3.7084134071926642,4.703957619285668,5.746240413911889
3,0.042336002417960164,0.92333766939195061,1.8164426327171843,2.7385272682759236,3.7018926989099605,4.712322717601058,5.768170653733204
3.125,0.0049775676688043717,0.88777522233718054,1.7882907017994571,2.722230424382329,3.7000238553561995,4.7251769236921266,5.7937185129656799
3.25,-0.032458540359032513,0.85396400540329021,1.7634424236721415,2.7102680818138083,3.7028360392099859,4.7423196519720223,5.822485325810697
3.375,-0.069388143720606546,0.82243163132207875,1.7422855474046925,2.7028269089252346,3.7102853672828413,4.7634833958994713,5.8540221957751184
3.5,-0.10523496830688595,0.79367015224480786,1.7251502189751635,2.70002302273077,3.7222555953016805,4.7883379023288821,5.8878370005509293
3.625,-0.13943963640948268,0.7681283814329527,1.712303829452638,2.7019001769366939,3.7385599318618157,4.81649532500023,5.9234020714192557
3.75,-0.17146839562270311,0.74620488967736609,1.7039468424490289,2.7084290791794539,3.7589439532443532,4.8475162767502225,5.9601624273442448
3.875,-0.20082144787132081,0.72824178573439213,1.7002096659514612,2.7195078481231993,3.7830895736132306,4.8809166860020259,5.9975444352665059
4,-0.22704074859237844,0.71451937783314523,1.7011506173492479,2.7349636032839539,3.8106200086383035,4.9161753505403221,6.0349647614551483
4.125,-0.24971715436739617,0.70525179955934636,1.706755013410536,2.7545551627717448,3.8411056550887981,4.9527420706975569,6.0718394742355501
4.25,-0.26849680746857502,0.7005836683723361,1.716935399409228,2.7779768068533315,3.8740707946480422,4.9900462350357326,6.10759315604784
4.375,-0.28308665769028873,0.70058782889799132,1.7315329138267326,2.8048630486063932,3.9090010173386904,5.0275057245470531,6.141667882645466
4.5,-0.29325903529952907,0.7052642162127003,1.7503197673328297,2.8347943372207087,3.9453512487183713,5.0645359964263443,6.1735319293164599
4.625,-0.29885520374594376,0.71453985685647536,1.7730027973619822,2.8673036049482308,3.9825542555840538,5.1005592056660261,6.202688068269727
4.75,-0.29978783669261339,0.72827000755938864,1.7992280428171215,2.9018835555390776,4.0200294974564663,5.1350132221341855,6.228681327708423
4.875,-0.29604238071433231,0.74624041391188911,1.82858626751418,2.9379945804298431,4.0571921857201101,5.1673604024272821,6.2511060915126802
5,-0.28767728239894153,0.76817065373320381,1.8606193461758729,2.9750731791547511,4.0934624090540135,5.1970959796156366,6.2696124287434882
