sample_id,group,value
GroupA-1,Group A,-0.73213674948666729
GroupA-2,Group A,-0.75690821680982801
GroupA-3,Group A,-0.36553336435594458
GroupA-4,Group A,-0.40441578951157564
GroupA-5,Group A,-1.0604210625005492
GroupA-6,Group A,-0.34332462645051776
GroupA-7,Group A,-1.0875998096400559
GroupA-8,Group A,-0.6000240734155684
GroupA-9,Group A,-1.0410190452136467
GroupA-10,Group A,-0.85495372088162014
GroupA-11,Group A,-0.99086736160011113
GroupA-12,Group A,-0.75798117122169739
GroupA-13,Group A,-0.69274639147910189
GroupA-14,Group A,-1.1540742518684151
GroupA-15,Group A,-0.5712331266529439
GroupA-16,Group A,-1.051357330527491
GroupA-17,Group A,-0.69834562021671853
GroupA-18,Group A,-0.22605777842407465
GroupA-19,Group A,-0.37854579016583284
GroupA-20,Group A,0.068123909911639302
GroupA-21,Group A,-0.88226987484856267
GroupA-22,Group A,-0.62029081039999945
GroupA-23,Group A,-0.058567369001626735
GroupA-24,Group A,1.6000000000000001
GroupB-1,Group B,0.4167466309805572
GroupB-2,Group B,-0.74882215784742101
GroupB-3,Group B,0.61551302747890146
GroupB-4,Group B,-0.79368899528163139
GroupB-5,Group B,0.071621618307599319
GroupB-6,Group B,0.20757803429830177
GroupB-7,Group B,0.5972081433812485
GroupB-8,Group B,0.79518202446810571
GroupB-9,Group B,-0.5201473136846434
GroupB-10,Group B,-0.9102452340652053
GroupB-11,Group B,-0.051057794873005047
GroupB-12,Group B,-0.39612930131846913
GroupB-13,Group B,0.21148949790307403
GroupB-14,Group B,0.95836291666785067
GroupB-15,Group B,0.43205575647219141
GroupB-16,Group B,0.18746180891601383
GroupB-17,Group B,-0.31676447238314864
GroupB-18,Group B,0.35833137741225174
GroupB-19,Group B,0.58615485198052031
GroupB-20,Group B,-0.88691999169946756
GroupB-21,Group B,0.74048812186562996
GroupB-22,Group B,0.036309580236704303
GroupB-23,Group B,-0.58970932665625508
GroupB-24,Group B,-1.1180936339337715
GroupB-25,Group B,0.54895599186258481
GroupB-26,Group B,0.24657842638658298
GroupB-27,Group B,0.181728471780953
GroupB-28,Group B,-0.46609760571852676
GroupB-29,Group B,-0.022283298858213993
GroupB-30,Group B,-0.2060759496095397
GroupB-31,Group B,0.96297179658776633
GroupB-32,Group B,-2.3999999999999999
GroupC-1,Group C,1.4187561785624265
GroupC-2,Group C,1.075101898535999
GroupC-3,Group C,1.0525404678669628
GroupC-4,Group C,0.97913852320775008
GroupC-5,Group C,1.00307001118267
GroupC-6,Group C,1.5574531224300778
GroupC-7,Group C,1.3455591041326334
GroupC-8,Group C,1.1616894914363827
GroupC-9,Group C,1.2447704068416359
GroupC-10,Group C,1.1957020829890996
GroupC-11,Group C,1.1447348678127907
GroupC-12,Group C,1.3353006494888109
GroupC-13,Group C,1.0520258486043987
GroupC-14,Group C,1.4153408177467173
GroupC-15,Group C,0.97014570229093566
GroupC-16,Group C,1.487609001577223
GroupC-17,Group C,1.3684721838731972
GroupC-18,Group C,0.55633724063072032
GroupC-19,Group C,0.73143838780208825
GroupC-20,Group C,2.5
