cycle,capacity_a,capacity_b,capacity_c
1,159.49147791884693,148.98906522578812,155.24813017255192
2,159.54039923671667,148.60200027592785,155.86132788456646
3,158.96078615649969,148.27410728208559,156.05940417152928
4,160.18244094257636,147.62842312107981,155.7505375624489
5,159.00723744137392,147.2248931218428,155.10872595989451
6,159.66465868062414,147.04872911755572,155.05093311265625
7,159.31252914188238,146.52589902967085,154.6970514756666
8,159.44383817549007,146.4746253457709,153.91089368216089
9,159.74744729823172,145.90771837047404,154.24029648504137
10,158.58101390659343,146.1459807765923,153.83811667753099
11,158.67505528797878,145.22701373028505,153.7759223077085
12,158.20552915406219,145.05310032200359,153.03414206117509
13,158.75301169552176,144.4452227352333,152.45072012711304
14,158.84099677039913,144.56843328240242,152.56690637655717
15,158.07902541914109,143.62760133583041,153.68282211094771
16,158.10619957435839,144.43321169225158,152.28957293220805
17,157.13905915203995,143.21010392742537,153.34285645069673
18,155.98882389645522,142.72596799603517,151.48278680193212
19,155.72375906841756,142.32389210173341,152.78060633732707
20,156.13721266455892,141.67970612208296,152.07573454222185
21,155.56116552480867,141.4366730698934,151.8148145548968
22,155.5065981247991,141.28872894357977,152.11331048678616
23,154.70473572828061,140.4289808785658,151.66701500774573
24,155.02038399794756,140.10000666632402,151.69086904468992
25,154.35559776062181,139.74110472636363,151.28096237818085
26,154.10044296585767,139.05905123011394,152.07151347986132
27,153.60194856823748,138.52748609345895,151.27738714894741
28,153.55449150468431,139.19170280320887,150.95622334681102
29,152.77653554447866,137.99504716302141,151.68329027587086
30,152.48828620863432,137.60954837545557,152.06357223170701
31,151.50208877477067,137.4994361994776,152.14508750164885
32,151.78555968084552,136.70490084123318,151.6413258426935
33,151.88533939222333,137.46536532574453,151.97216244786526
34,151.66119473510366,137.54973793602227,151.41160965310988
35,151.53652772206468,136.36945314718918,151.51657839797747
36,151.31476245973579,136.59172491451406,152.14936393986022
37,151.52039609948767,136.07282313088012,152.18809361953697
38,151.23953164689806,136.93840106611893,151.98146458154937
39,150.07393492522684,136.58918239462716,152.77978411862497
40,150.34362615510676,135.92204992317247,152.20867497824977
41,149.80040827297012,135.72016235934245,151.3959441443111
42,149.43658743984844,135.4661993962938,152.27160550509572
43,149.71992775155945,135.24071663670705,152.13762177141734
44,149.88406466282083,135.13295091822806,152.60962310364997
45,149.69956430847242,134.63957250777082,151.40644556250732
46,148.799041775577,135.71918523808498,152.63378407912862
47,148.81084870422882,134.66878838821737,151.02135373653658
48,148.94726821955646,135.31064525808659,151.81730187197556
49,148.93517402790008,134.34529382496203,152.02787028291934
50,148.88318696873654,134.24411831663136,151.68201713587962
51,149.10983490167058,134.34567399071892,151.0210308104603
52,147.9026144486578,133.76805275222787,150.92679810942715
53,148.69671848560836,134.14569629616622,150.67699300661002
54,148.018760645703,133.1593326279984,150.1709219117713
55,147.83947091587538,133.81456869838536,149.90827988852067
56,148.3429678500049,132.32170428236148,150.65177709673165
57,148.13987361345013,132.62870472027109,150.0361504136367
58,148.36189900369598,132.88364707118441,150.19877300208671
59,147.97639142101295,131.6322868373199,149.57301828281189
60,147.27670498663034,131.39753108914334,148.32014106086885
61,147.53044361248391,130.79048856634375,149.41663644336163
62,147.20843702062012,130.86739265911095,149.20988116291798
63,147.35088961951641,129.46218585522772,148.57750069075911
64,146.34465126985182,129.98473036922636,148.64231241264335
65,147.03904700694039,128.69756396666438,147.99936094467711
66,146.51445192645139,128.94196423023539,147.33739475896752
67,145.66373008836541,127.98151951795995,148.00353424996283
68,146.3190438981359,127.83671764325288,146.99678037299378
69,145.11958636475802,127.63950894960358,146.06611467813943
70,144.88611329776131,126.64324635540869,147.61627718437754
71,145.26205816907162,125.63484561667482,147.35435264155058
72,144.49564576272442,126.48161661792449,147.36464731835659
73,144.39407513941993,125.92564256803695,147.2274925758621
74,144.26659791044924,125.28652323381282,147.34650408569689
75,142.50588172116974,125.10345988862967,147.70343748027815
76,143.000957573785,125.18296717091347,146.58607390864614
77,142.7419834989679,124.33959802488161,147.23385177818392
78,141.55343400072306,124.20353676836565,146.96302102350663
79,141.3362578849538,122.90052299984681,147.32515423835363
80,141.17120869396828,123.21205185818053,147.4650003819292
81,141.76955803797591,123.09727014181718,147.05804090252312
82,141.18819909740986,122.39854265046723,147.9162310611091
83,140.05553133449223,122.3023898356913,146.62508098736964
84,139.64309181634704,121.80600212103901,147.02230640399816
85,140.1499076449621,122.09563849849658,146.86073128735202
86,139.49817930958574,120.94272153729935,146.68388423240916
87,138.98202363689927,121.62518685434482,147.30790343749754
88,138.87551671000989,121.23128879737229,147.59778562193245
89,139.59458310082982,121.21046560462163,147.85611551514816
90,138.77493117748153,120.98677496633472,147.45423279664519
91,138.37590875252835,121.99862243590474,146.79999326466441
92,138.8968759111749,120.15417556240912,148.31583334342531
93,139.06408965152272,120.52759129954462,147.90656026461767
94,138.44925467378818,120.40672912196165,146.97776370124961
95,137.03921438807356,119.93084667614409,146.95081347066187
96,137.63680589739738,119.6030455964822,147.33363968040879
97,137.39279315561058,119.98304346832579,147.40249348665094
98,137.73201499241063,120.29430089659346,146.44706465407751
99,137.38882761270088,119.93096579161423,146.70761317022072
100,137.6960065085818,119.96961201122923,146.8067539607311
101,136.90490633363629,119.78777235300261,147.09547873802097
102,137.94885031263297,119.56822207364613,146.9365284570147
103,138.38349582552954,119.38795659834715,146.55266338141078
104,138.19348213083859,118.01246957167973,146.46891180717364
105,137.10306718187488,117.9734238138614,145.60577118389074
106,137.34516007927223,117.81568249754352,145.1034191415597
107,137.59709520558775,117.04765153398999,146.24445781682644
108,136.80269910291528,117.70753352690538,145.63660175511137
109,137.20662631012658,116.13409743907076,144.90400080458079
110,136.39459503106258,117.0750854744594,144.51042704336496
111,135.83765686274953,116.53413068733309,144.1885307855373
112,135.9011841479047,115.16441354451388,144.86355106751864
113,135.71995346593675,115.37147032695768,144.30484085473933
114,135.66110022816991,115.39346368856185,144.23540768484051
115,134.64532678972952,114.52111859768327,143.54745627154395
116,135.12245688414288,114.19987889649332,143.70853468112981
117,134.62256713054123,113.45821098377421,143.77657573320639
118,133.99778434034448,112.81883705332217,143.00576603483353
119,134.55157966477702,113.15147164960727,142.93757003698931
120,133.95129075655106,112.33237598535152,142.57744070722222
