toy_angle,toy_scan,toy_intensity
10,1,0.02
10.5,1,0.02
11,1,0.02
11.5,1,0.02
12,1,0.02
12.5,1,0.02
13,1,0.02
13.5,1,0.02
14,1,0.02
14.5,1,0.02
15,1,0.02
15.5,1,0.02
16,1,0.02
16.5,1,0.02
17,1,0.02
17.5,1,0.02
18,1,0.02
18.5,1,0.020000000000000007
19,1,0.020000000000005416
19.5,1,0.020000000002296108
20,1,0.020000000524956249
20.5,1,0.020000064739689804
21,1,0.020004306605652916
21.5,1,0.02015453134497951
22,1,0.022990990608931897
22.5,1,0.051227017081540871
23,1,0.19585832757772373
23.5,1,0.55421043002393033
24,1,0.89534402940471358
24.5,1,0.79368142667835206
25,1,0.38886084337267657
25.5,1,0.11485930210567791
26,1,0.033158739272538762
26.5,1,0.020984613135059678
27,1,0.020039740557452983
27.5,1,0.020000865205498888
28,1,0.020000010160651917
28.5,1,0.020000000064363681
29,1,0.020000000000219925
29.5,1,0.020000000000000406
30,1,0.02
30.5,1,0.02
31,1,0.02
31.5,1,0.02
32,1,0.02
32.5,1,0.02
33,1,0.02
33.5,1,0.02
34,1,0.02
34.5,1,0.02
35,1,0.02
35.5,1,0.02
36,1,0.02
36.5,1,0.02
37,1,0.02
37.5,1,0.02
38,1,0.02
38.5,1,0.02
39,1,0.02
39.5,1,0.02
40,1,0.020000000000000004
40.5,1,0.020000000000001194
41,1,0.020000000000192357
41.5,1,0.020000000020512245
42,1,0.020000001446960295
42.5,1,0.020000067521104833
43,1,0.020002084308197252
43.5,1,0.020042562174058649
44,1,0.020574943463179424
44.5,1,0.025137666955440931
45,1,0.05037010027517326
45.5,1,0.13875884738953242
46,1,0.32720281591234596
46.5,1,0.54568293733344508
47,1,0.61506175638675187
47.5,1,0.46559434334266314
48,1,0.24072766470286538
48.5,1,0.092329146150555375
49,1,0.035678675740690308
49.5,1,0.022248251483619603
50,1,0.020213265138620824
50.5,1,0.020013382409658526
51,1,0.020000555505344287
51.5,1,0.020000015253925921
52,1,0.020000000277085945
52.5,1,0.020000000003329559
53,1,0.020000000000026465
53.5,1,0.020000000000000139
54,1,0.02
54.5,1,0.02
55,1,0.02
55.5,1,0.02
56,1,0.02
56.5,1,0.02
57,1,0.02
57.5,1,0.020000000000000004
58,1,0.020000000000000667
58.5,1,0.020000000000072401
59,1,0.020000000005555178
59.5,1,0.020000000301203448
60,1,0.020000011540516231
60.5,1,0.020000312459576331
61,1,0.020005978135409913
61.5,1,0.020080824115620451
62,1,0.020772181654491084
62.5,1,0.025213162979403739
63,1,0.044870609608846521
63.5,1,0.10384455486043913
64,1,0.21974071543971047
64.5,1,0.35624949733380218
65,1,0.42000000000000004
65.5,1,0.35624949733380218
66,1,0.21974071543971047
66.5,1,0.10384455486043913
67,1,0.044870609608846521
67.5,1,0.025213162979403739
68,1,0.020772181654491084
68.5,1,0.020080824115620451
69,1,0.020005978135409913
69.5,1,0.020000312459576331
70,1,0.020000011540516231
70.5,1,0.020000000301203448
71,1,0.020000000005555178
71.5,1,0.020000000000072401
72,1,0.020000000000000667
72.5,1,0.020000000000000004
73,1,0.02
73.5,1,0.02
74,1,0.02
74.5,1,0.02
75,1,0.02
75.5,1,0.02
76,1,0.02
76.5,1,0.02
77,1,0.02
77.5,1,0.02
78,1,0.02
78.5,1,0.02
79,1,0.02
79.5,1,0.02
80,1,0.02
10,2,0.02
10.5,2,0.02
11,2,0.02
11.5,2,0.02
12,2,0.02
12.5,2,0.02
13,2,0.02
13.5,2,0.02
14,2,0.02
14.5,2,0.02
15,2,0.02
15.5,2,0.02
16,2,0.02
16.5,2,0.02
17,2,0.02
17.5,2,0.02
18,2,0.02
18.5,2,0.02
19,2,0.020000000000000781
19.5,2,0.020000000000399004
20,2,0.020000000109782388
20.5,2,0.020000016293150871
21,2,0.020001304350998433
21.5,2,0.02005632495552068
22,2,0.021311970972677386
22.5,2,0.036484074999860762
23,2,0.13171768397466407
23.5,2,0.42840989166730642
24,2,0.82535538513293283
24.5,2,0.87663510598078032
25,2,0.51149732238024603
25.5,2,0.17211198386545948
26,2,0.045393507440122202
26.5,2,0.022286646014225302
27,2,0.020111068823678011
27.5,2,0.020002910063009402
28,2,0.020000041127243195
28.5,2,0.020000000313526167
29,2,0.020000000001289243
29.5,2,0.020000000000002859
30,2,0.020000000000000004
30.5,2,0.02
31,2,0.02
31.5,2,0.02
32,2,0.02
32.5,2,0.02
33,2,0.02
33.5,2,0.02
34,2,0.02
34.5,2,0.02
35,2,0.02
35.5,2,0.02
36,2,0.02
36.5,2,0.02
37,2,0.02
37.5,2,0.02
38,2,0.02
38.5,2,0.02
39,2,0.02
39.5,2,0.02
40,2,0.020000000000000014
40.5,2,0.020000000000003407
41,2,0.02000000000050588
41.5,2,0.020000000049665945
42,2,0.020000003225596516
42.5,2,0.020000138580097207
43,2,0.020003938502743231
43.5,2,0.020074045882452009
44,2,0.020920895062603979
44.5,2,0.027576329357744036
45,2,0.061233197843815784
45.5,2,0.16844810566098642
46,2,0.37354261700952923
46.5,2,0.57699122731886565
47,2,0.60048955274177784
47.5,2,0.42020262347190029
48,2,0.20251767371142973
48.5,2,0.075064206933872529
49,2,0.030989383333240507
49.5,2,0.021450830667856507
50,2,0.020126706706347135
50.5,2,0.020007320183144651
51,2,0.020000279758803675
51.5,2,0.020000007072696915
52,2,0.020000000118283946
52.5,2,0.020000000001308599
53,2,0.020000000000009576
53.5,2,0.020000000000000046
54,2,0.02
54.5,2,0.02
55,2,0.02
55.5,2,0.02
56,2,0.02
56.5,2,0.02
57,2,0.02
57.5,2,0.020000000000000004
58,2,0.020000000000000667
58.5,2,0.020000000000072401
59,2,0.020000000005555178
59.5,2,0.020000000301203448
60,2,0.020000011540516231
60.5,2,0.020000312459576331
61,2,0.020005978135409913
61.5,2,0.020080824115620451
62,2,0.020772181654491084
62.5,2,0.025213162979403739
63,2,0.044870609608846521
63.5,2,0.10384455486043913
64,2,0.21974071543971047
64.5,2,0.35624949733380218
65,2,0.42000000000000004
65.5,2,0.35624949733380218
66,2,0.21974071543971047
66.5,2,0.10384455486043913
67,2,0.044870609608846521
67.5,2,0.025213162979403739
68,2,0.020772181654491084
68.5,2,0.020080824115620451
69,2,0.020005978135409913
69.5,2,0.020000312459576331
70,2,0.020000011540516231
70.5,2,0.020000000301203448
71,2,0.020000000005555178
71.5,2,0.020000000000072401
72,2,0.020000000000000667
72.5,2,0.020000000000000004
73,2,0.02
73.5,2,0.02
74,2,0.02
74.5,2,0.02
75,2,0.02
75.5,2,0.02
76,2,0.02
76.5,2,0.02
77,2,0.02
77.5,2,0.02
78,2,0.02
78.5,2,0.02
79,2,0.02
79.5,2,0.02
80,2,0.02
10,3,0.02
10.5,3,0.02
11,3,0.02
11.5,3,0.02
12,3,0.02
12.5,3,0.02
13,3,0.02
13.5,3,0.02
14,3,0.02
14.5,3,0.02
15,3,0.02
15.5,3,0.02
16,3,0.02
16.5,3,0.02
17,3,0.02
17.5,3,0.02
18,3,0.02
18.5,3,0.02
19,3,0.020000000000000108
19.5,3,0.02000000000006559
20,3,0.020000000021717746
20.5,3,0.020000003878931163
21,3,0.02000037370281784
21.5,3,0.020019420377119661
22,3,0.020544384726728541
22.5,3,0.02823135233458509
23,3,0.087135687026446987
23.5,3,0.31536067375994054
24,3,0.7209207047642644
24.5,3,0.91722650450954546
25,3,0.63951565628339435
25.5,3,0.25073818101777101
26,3,0.066355751863305931
26.5,3,0.025023481194391184
27,3,0.020293645208422879
27.5,3,0.020009258871204558
28,3,0.020000157474469385
28.5,3,0.020000001444705252
29,3,0.02000000000714933
29.5,3,0.020000000000019086
30,3,0.020000000000000028
30.5,3,0.02
31,3,0.02
31.5,3,0.02
32,3,0.02
32.5,3,0.02
33,3,0.02
33.5,3,0.02
34,3,0.02
34.5,3,0.02
35,3,0.02
35.5,3,0.02
36,3,0.02
36.5,3,0.02
37,3,0.02
37.5,3,0.02
38,3,0.02
38.5,3,0.02
39,3,0.02
39.5,3,0.02
40,3,0.020000000000000046
40.5,3,0.020000000000009576
41,3,0.020000000001308599
41.5,3,0.020000000118283946
42,3,0.020000007072696915
42.5,3,0.020000279758803675
43,3,0.020007320183144651
43.5,3,0.020126706706347135
44,3,0.021450830667856507
44.5,3,0.030989383333240507
45,3,0.075064206933872529
45.5,3,0.20251767371142973
46,3,0.42020262347190029
46.5,3,0.60048955274177784
47,3,0.57699122731886565
47.5,3,0.37354261700952923
48,3,0.16844810566098642
48.5,3,0.061233197843815784
49,3,0.027576329357744036
49.5,3,0.020920895062603979
50,3,0.020074045882452009
50.5,3,0.020003938502743231
51,3,0.020000138580097207
51.5,3,0.020000003225596516
52,3,0.020000000049665945
52.5,3,0.02000000000050588
53,3,0.020000000000003407
53.5,3,0.020000000000000014
54,3,0.02
54.5,3,0.02
55,3,0.02
55.5,3,0.02
56,3,0.02
56.5,3,0.02
57,3,0.02
57.5,3,0.020000000000000004
58,3,0.020000000000000667
58.5,3,0.020000000000072401
59,3,0.020000000005555178
59.5,3,0.020000000301203448
60,3,0.020000011540516231
60.5,3,0.020000312459576331
61,3,0.020005978135409913
61.5,3,0.020080824115620451
62,3,0.020772181654491084
62.5,3,0.025213162979403739
63,3,0.044870609608846521
63.5,3,0.10384455486043913
64,3,0.21974071543971047
64.5,3,0.35624949733380218
65,3,0.42000000000000004
65.5,3,0.35624949733380218
66,3,0.21974071543971047
66.5,3,0.10384455486043913
67,3,0.044870609608846521
67.5,3,0.025213162979403739
68,3,0.020772181654491084
68.5,3,0.020080824115620451
69,3,0.020005978135409913
69.5,3,0.020000312459576331
70,3,0.020000011540516231
70.5,3,0.020000000301203448
71,3,0.020000000005555178
71.5,3,0.020000000000072401
72,3,0.020000000000000667
72.5,3,0.020000000000000004
73,3,0.02
73.5,3,0.02
74,3,0.02
74.5,3,0.02
75,3,0.02
75.5,3,0.02
76,3,0.02
76.5,3,0.02
77,3,0.02
77.5,3,0.02
78,3,0.02
78.5,3,0.02
79,3,0.02
79.5,3,0.02
80,3,0.02
10,4,0.02
10.5,4,0.02
11,4,0.02
11.5,4,0.02
12,4,0.02
12.5,4,0.02
13,4,0.02
13.5,4,0.02
14,4,0.02
14.5,4,0.02
15,4,0.02
15.5,4,0.02
16,4,0.02
16.5,4,0.02
17,4,0.02
17.5,4,0.02
18,4,0.02
18.5,4,0.02
19,4,0.020000000000000014
19.5,4,0.020000000000010201
20,4,0.020000000004064149
20.5,4,0.020000000873557699
21,4,0.020000101281657249
21.5,4,0.020006334130249444
22,4,0.020213678175428258
22.5,4,0.023888215526684655
23,4,0.058164315742543327
23.5,4,0.2220605899818924
24,4,0.59706234958695914
24.5,4,0.90895719461204949
25,4,0.75867932746844124
25.5,4,0.35109149705429815
26,4,0.10004921851263454
26.5,4,0.030439583007719942
27,4,0.020734389051564935
27.5,4,0.020027866743620608
28,4,0.02000057037861834
28.5,4,0.020000006297341395
29,4,0.020000000037503192
29.5,4,0.020000000000120473
30,4,0.020000000000000209
30.5,4,0.02
31,4,0.02
31.5,4,0.02
32,4,0.02
32.5,4,0.02
33,4,0.02
33.5,4,0.02
34,4,0.02
34.5,4,0.02
35,4,0.02
35.5,4,0.02
36,4,0.02
36.5,4,0.02
37,4,0.02
37.5,4,0.02
38,4,0.02
38.5,4,0.02
39,4,0.02
39.5,4,0.02
40,4,0.020000000000000139
40.5,4,0.020000000000026465
41,4,0.020000000003329559
41.5,4,0.020000000277085945
42,4,0.020000015253925921
42.5,4,0.020000555505344287
43,4,0.020013382409658526
43.5,4,0.020213265138620824
44,4,0.022248251483619603
44.5,4,0.035678675740690308
45,4,0.092329146150555375
45.5,4,0.24072766470286538
46,4,0.46559434334266314
46.5,4,0.61506175638675187
47,4,0.54568293733344508
47.5,4,0.32720281591234596
48,4,0.13875884738953242
48.5,4,0.05037010027517326
49,4,0.025137666955440931
49.5,4,0.020574943463179424
50,4,0.020042562174058649
50.5,4,0.020002084308197252
51,4,0.020000067521104833
51.5,4,0.020000001446960295
52,4,0.020000000020512245
52.5,4,0.020000000000192357
53,4,0.020000000000001194
53.5,4,0.020000000000000004
54,4,0.02
54.5,4,0.02
55,4,0.02
55.5,4,0.02
56,4,0.02
56.5,4,0.02
57,4,0.02
57.5,4,0.020000000000000004
58,4,0.020000000000000667
58.5,4,0.020000000000072401
59,4,0.020000000005555178
59.5,4,0.020000000301203448
60,4,0.020000011540516231
60.5,4,0.020000312459576331
61,4,0.020005978135409913
61.5,4,0.020080824115620451
62,4,0.020772181654491084
62.5,4,0.025213162979403739
63,4,0.044870609608846521
63.5,4,0.10384455486043913
64,4,0.21974071543971047
64.5,4,0.35624949733380218
65,4,0.42000000000000004
65.5,4,0.35624949733380218
66,4,0.21974071543971047
66.5,4,0.10384455486043913
67,4,0.044870609608846521
67.5,4,0.025213162979403739
68,4,0.020772181654491084
68.5,4,0.020080824115620451
69,4,0.020005978135409913
69.5,4,0.020000312459576331
70,4,0.020000011540516231
70.5,4,0.020000000301203448
71,4,0.020000000005555178
71.5,4,0.020000000000072401
72,4,0.020000000000000667
72.5,4,0.020000000000000004
73,4,0.02
73.5,4,0.02
74,4,0.02
74.5,4,0.02
75,4,0.02
75.5,4,0.02
76,4,0.02
76.5,4,0.02
77,4,0.02
77.5,4,0.02
78,4,0.02
78.5,4,0.02
79,4,0.02
79.5,4,0.02
80,4,0.02
10,5,0.02
10.5,5,0.02
11,5,0.02
11.5,5,0.02
12,5,0.02
12.5,5,0.02
13,5,0.02
13.5,5,0.02
14,5,0.02
14.5,5,0.02
15,5,0.02
15.5,5,0.02
16,5,0.02
16.5,5,0.02
17,5,0.02
17.5,5,0.02
18,5,0.02
18.5,5,0.02
19,5,0.02
19.5,5,0.020000000000001499
20,5,0.020000000000719442
20.5,5,0.020000000186098831
21,5,0.020000025966161517
21.5,5,0.020001954289275734
22,5,0.020079339037939611
22.5,5,0.021737408722604937
23,5,0.040522678968332629
23.5,5,0.15076246299100349
24,5,0.46941660973934868
24.5,5,0.85316713933194455
25,5,0.85316713933194455
25.5,5,0.46941660973934868
26,5,0.15076246299100349
26.5,5,0.040522678968332629
27,5,0.021737408722604937
27.5,5,0.020079339037939611
28,5,0.020001954289275734
28.5,5,0.020000025966161517
29,5,0.020000000186098831
29.5,5,0.020000000000719442
30,5,0.020000000000001499
30.5,5,0.02
31,5,0.02
31.5,5,0.02
32,5,0.02
32.5,5,0.02
33,5,0.02
33.5,5,0.02
34,5,0.02
34.5,5,0.02
35,5,0.02
35.5,5,0.02
36,5,0.02
36.5,5,0.02
37,5,0.02
37.5,5,0.02
38,5,0.02
38.5,5,0.02
39,5,0.02
39.5,5,0.02
40,5,0.02000000000000041
40.5,5,0.020000000000071943
41,5,0.020000000008332765
41.5,5,0.020000000638446876
42,5,0.020000032359350571
42.5,5,0.020001084961430389
43,5,0.020024064025129618
43.5,5,0.020353070730048883
44,5,0.023426846323487252
44.5,5,0.042002245828222304
45,5,0.11344990552986997
45.5,5,0.28256098378334643
46,5,0.50800130740990324
46.5,5,0.62
47,5,0.50800130740990324
47.5,5,0.28256098378334643
48,5,0.11344990552986997
48.5,5,0.042002245828222304
49,5,0.023426846323487252
49.5,5,0.020353070730048883
50,5,0.020024064025129618
50.5,5,0.020001084961430389
51,5,0.020000032359350571
51.5,5,0.020000000638446876
52,5,0.020000000008332765
52.5,5,0.020000000000071943
53,5,0.02000000000000041
53.5,5,0.02
54,5,0.02
54.5,5,0.02
55,5,0.02
55.5,5,0.02
56,5,0.02
56.5,5,0.02
57,5,0.02
57.5,5,0.020000000000000004
58,5,0.020000000000000667
58.5,5,0.020000000000072401
59,5,0.020000000005555178
59.5,5,0.020000000301203448
60,5,0.020000011540516231
60.5,5,0.020000312459576331
61,5,0.020005978135409913
61.5,5,0.020080824115620451
62,5,0.020772181654491084
62.5,5,0.025213162979403739
63,5,0.044870609608846521
63.5,5,0.10384455486043913
64,5,0.21974071543971047
64.5,5,0.35624949733380218
65,5,0.42000000000000004
65.5,5,0.35624949733380218
66,5,0.21974071543971047
66.5,5,0.10384455486043913
67,5,0.044870609608846521
67.5,5,0.025213162979403739
68,5,0.020772181654491084
68.5,5,0.020080824115620451
69,5,0.020005978135409913
69.5,5,0.020000312459576331
70,5,0.020000011540516231
70.5,5,0.020000000301203448
71,5,0.020000000005555178
71.5,5,0.020000000000072401
72,5,0.020000000000000667
72.5,5,0.020000000000000004
73,5,0.02
73.5,5,0.02
74,5,0.02
74.5,5,0.02
75,5,0.02
75.5,5,0.02
76,5,0.02
76.5,5,0.02
77,5,0.02
77.5,5,0.02
78,5,0.02
78.5,5,0.02
79,5,0.02
79.5,5,0.02
80,5,0.02
10,6,0.02
10.5,6,0.02
11,6,0.02
11.5,6,0.02
12,6,0.02
12.5,6,0.02
13,6,0.02
13.5,6,0.02
14,6,0.02
14.5,6,0.02
15,6,0.02
15.5,6,0.02
16,6,0.02
16.5,6,0.02
17,6,0.02
17.5,6,0.02
18,6,0.02
18.5,6,0.02
19,6,0.02
19.5,6,0.020000000000000209
20,6,0.020000000000120473
20.5,6,0.020000000037503192
21,6,0.020000006297341395
21.5,6,0.02000057037861834
22,6,0.020027866743620608
22.5,6,0.020734389051564935
23,6,0.030439583007719942
23.5,6,0.10004921851263454
24,6,0.35109149705429815
24.5,6,0.75867932746844136
25,6,0.90895719461204949
25.5,6,0.59706234958695914
26,6,0.2220605899818924
26.5,6,0.058164315742543327
27,6,0.023888215526684655
27.5,6,0.020213678175428258
28,6,0.020006334130249444
28.5,6,0.020000101281657249
29,6,0.020000000873557699
29.5,6,0.020000000004064149
30,6,0.020000000000010201
30.5,6,0.020000000000000014
31,6,0.02
31.5,6,0.02
32,6,0.02
32.5,6,0.02
33,6,0.02
33.5,6,0.02
34,6,0.02
34.5,6,0.02
35,6,0.02
35.5,6,0.02
36,6,0.02
36.5,6,0.02
37,6,0.02
37.5,6,0.02
38,6,0.02
38.5,6,0.02
39,6,0.02
39.5,6,0.020000000000000004
40,6,0.020000000000001194
40.5,6,0.020000000000192357
41,6,0.020000000020512245
41.5,6,0.020000001446960295
42,6,0.020000067521104833
42.5,6,0.020002084308197252
43,6,0.020042562174058649
43.5,6,0.020574943463179424
44,6,0.025137666955440931
44.5,6,0.05037010027517326
45,6,0.13875884738953242
45.5,6,0.32720281591234607
46,6,0.54568293733344508
46.5,6,0.61506175638675187
47,6,0.46559434334266309
47.5,6,0.24072766470286538
48,6,0.092329146150555375
48.5,6,0.035678675740690308
49,6,0.022248251483619603
49.5,6,0.020213265138620824
50,6,0.020013382409658526
50.5,6,0.020000555505344287
51,6,0.020000015253925921
51.5,6,0.020000000277085945
52,6,0.020000000003329559
52.5,6,0.020000000000026465
53,6,0.020000000000000139
53.5,6,0.02
54,6,0.02
54.5,6,0.02
55,6,0.02
55.5,6,0.02
56,6,0.02
56.5,6,0.02
57,6,0.02
57.5,6,0.020000000000000004
58,6,0.020000000000000667
58.5,6,0.020000000000072401
59,6,0.020000000005555178
59.5,6,0.020000000301203448
60,6,0.020000011540516231
60.5,6,0.020000312459576331
61,6,0.020005978135409913
61.5,6,0.020080824115620451
62,6,0.020772181654491084
62.5,6,0.025213162979403739
63,6,0.044870609608846521
63.5,6,0.10384455486043913
64,6,0.21974071543971047
64.5,6,0.35624949733380218
65,6,0.42000000000000004
65.5,6,0.35624949733380218
66,6,0.21974071543971047
66.5,6,0.10384455486043913
67,6,0.044870609608846521
67.5,6,0.025213162979403739
68,6,0.020772181654491084
68.5,6,0.020080824115620451
69,6,0.020005978135409913
69.5,6,0.020000312459576331
70,6,0.020000011540516231
70.5,6,0.020000000301203448
71,6,0.020000000005555178
71.5,6,0.020000000000072401
72,6,0.020000000000000667
72.5,6,0.020000000000000004
73,6,0.02
73.5,6,0.02
74,6,0.02
74.5,6,0.02
75,6,0.02
75.5,6,0.02
76,6,0.02
76.5,6,0.02
77,6,0.02
77.5,6,0.02
78,6,0.02
78.5,6,0.02
79,6,0.02
79.5,6,0.02
80,6,0.02
10,7,0.02
10.5,7,0.02
11,7,0.02
11.5,7,0.02
12,7,0.02
12.5,7,0.02
13,7,0.02
13.5,7,0.02
14,7,0.02
14.5,7,0.02
15,7,0.02
15.5,7,0.02
16,7,0.02
16.5,7,0.02
17,7,0.02
17.5,7,0.02
18,7,0.02
18.5,7,0.02
19,7,0.02
19.5,7,0.020000000000000028
20,7,0.020000000000019086
20.5,7,0.02000000000714933
21,7,0.020000001444705252
21.5,7,0.020000157474469385
22,7,0.020009258871204558
22.5,7,0.020293645208422879
23,7,0.025023481194391184
23.5,7,0.066355751863305931
24,7,0.25073818101777101
24.5,7,0.63951565628339435
25,7,0.91722650450954546
25.5,7,0.7209207047642644
26,7,0.31536067375994054
26.5,7,0.087135687026446987
27,7,0.02823135233458509
27.5,7,0.020544384726728541
28,7,0.020019420377119661
28.5,7,0.02000037370281784
29,7,0.020000003878931163
29.5,7,0.020000000021717746
30,7,0.02000000000006559
30.5,7,0.020000000000000108
31,7,0.02
31.5,7,0.02
32,7,0.02
32.5,7,0.02
33,7,0.02
33.5,7,0.02
34,7,0.02
34.5,7,0.02
35,7,0.02
35.5,7,0.02
36,7,0.02
36.5,7,0.02
37,7,0.02
37.5,7,0.02
38,7,0.02
38.5,7,0.02
39,7,0.02
39.5,7,0.020000000000000014
40,7,0.020000000000003407
40.5,7,0.02000000000050588
41,7,0.020000000049665945
41.5,7,0.020000003225596516
42,7,0.020000138580097207
42.5,7,0.020003938502743231
43,7,0.020074045882452009
43.5,7,0.020920895062603979
44,7,0.027576329357744036
44.5,7,0.061233197843815798
45,7,0.16844810566098642
45.5,7,0.37354261700952934
46,7,0.57699122731886565
46.5,7,0.60048955274177784
47,7,0.42020262347190024
47.5,7,0.20251767371142965
48,7,0.075064206933872515
48.5,7,0.030989383333240507
49,7,0.021450830667856507
49.5,7,0.020126706706347135
50,7,0.020007320183144651
50.5,7,0.020000279758803675
51,7,0.020000007072696915
51.5,7,0.020000000118283946
52,7,0.020000000001308599
52.5,7,0.020000000000009576
53,7,0.020000000000000046
53.5,7,0.02
54,7,0.02
54.5,7,0.02
55,7,0.02
55.5,7,0.02
56,7,0.02
56.5,7,0.02
57,7,0.02
57.5,7,0.020000000000000004
58,7,0.020000000000000667
58.5,7,0.020000000000072401
59,7,0.020000000005555178
59.5,7,0.020000000301203448
60,7,0.020000011540516231
60.5,7,0.020000312459576331
61,7,0.020005978135409913
61.5,7,0.020080824115620451
62,7,0.020772181654491084
62.5,7,0.025213162979403739
63,7,0.044870609608846521
63.5,7,0.10384455486043913
64,7,0.21974071543971047
64.5,7,0.35624949733380218
65,7,0.42000000000000004
65.5,7,0.35624949733380218
66,7,0.21974071543971047
66.5,7,0.10384455486043913
67,7,0.044870609608846521
67.5,7,0.025213162979403739
68,7,0.020772181654491084
68.5,7,0.020080824115620451
69,7,0.020005978135409913
69.5,7,0.020000312459576331
70,7,0.020000011540516231
70.5,7,0.020000000301203448
71,7,0.020000000005555178
71.5,7,0.020000000000072401
72,7,0.020000000000000667
72.5,7,0.020000000000000004
73,7,0.02
73.5,7,0.02
74,7,0.02
74.5,7,0.02
75,7,0.02
75.5,7,0.02
76,7,0.02
76.5,7,0.02
77,7,0.02
77.5,7,0.02
78,7,0.02
78.5,7,0.02
79,7,0.02
79.5,7,0.02
80,7,0.02
10,8,0.02
10.5,8,0.02
11,8,0.02
11.5,8,0.02
12,8,0.02
12.5,8,0.02
13,8,0.02
13.5,8,0.02
14,8,0.02
14.5,8,0.02
15,8,0.02
15.5,8,0.02
16,8,0.02
16.5,8,0.02
17,8,0.02
17.5,8,0.02
18,8,0.02
18.5,8,0.02
19,8,0.02
19.5,8,0.020000000000000004
20,8,0.020000000000002859
20.5,8,0.020000000001289243
21,8,0.020000000313526167
21.5,8,0.020000041127243195
22,8,0.020002910063009402
22.5,8,0.020111068823678011
23,8,0.022286646014225302
23.5,8,0.045393507440122202
24,8,0.17211198386545948
24.5,8,0.51149732238024603
25,8,0.87663510598078032
25.5,8,0.82535538513293283
26,8,0.42840989166730642
26.5,8,0.13171768397466407
27,8,0.036484074999860762
27.5,8,0.021311970972677386
28,8,0.02005632495552068
28.5,8,0.020001304350998433
29,8,0.020000016293150871
29.5,8,0.020000000109782388
30,8,0.020000000000399004
30.5,8,0.020000000000000781
31,8,0.02
31.5,8,0.02
32,8,0.02
32.5,8,0.02
33,8,0.02
33.5,8,0.02
34,8,0.02
34.5,8,0.02
35,8,0.02
35.5,8,0.02
36,8,0.02
36.5,8,0.02
37,8,0.02
37.5,8,0.02
38,8,0.02
38.5,8,0.02
39,8,0.02
39.5,8,0.020000000000000046
40,8,0.020000000000009576
40.5,8,0.020000000001308599
41,8,0.020000000118283946
41.5,8,0.020000007072696915
42,8,0.020000279758803675
42.5,8,0.020007320183144651
43,8,0.020126706706347135
43.5,8,0.021450830667856507
44,8,0.030989383333240507
44.5,8,0.075064206933872529
45,8,0.20251767371142973
45.5,8,0.42020262347190029
46,8,0.60048955274177784
46.5,8,0.57699122731886565
47,8,0.37354261700952923
47.5,8,0.16844810566098642
48,8,0.061233197843815784
48.5,8,0.027576329357744036
49,8,0.020920895062603979
49.5,8,0.020074045882452009
50,8,0.020003938502743231
50.5,8,0.020000138580097207
51,8,0.020000003225596516
51.5,8,0.020000000049665945
52,8,0.02000000000050588
52.5,8,0.020000000000003407
53,8,0.020000000000000014
53.5,8,0.02
54,8,0.02
54.5,8,0.02
55,8,0.02
55.5,8,0.02
56,8,0.02
56.5,8,0.02
57,8,0.02
57.5,8,0.020000000000000004
58,8,0.020000000000000667
58.5,8,0.020000000000072401
59,8,0.020000000005555178
59.5,8,0.020000000301203448
60,8,0.020000011540516231
60.5,8,0.020000312459576331
61,8,0.020005978135409913
61.5,8,0.020080824115620451
62,8,0.020772181654491084
62.5,8,0.025213162979403739
63,8,0.044870609608846521
63.5,8,0.10384455486043913
64,8,0.21974071543971047
64.5,8,0.35624949733380218
65,8,0.42000000000000004
65.5,8,0.35624949733380218
66,8,0.21974071543971047
66.5,8,0.10384455486043913
67,8,0.044870609608846521
67.5,8,0.025213162979403739
68,8,0.020772181654491084
68.5,8,0.020080824115620451
69,8,0.020005978135409913
69.5,8,0.020000312459576331
70,8,0.020000011540516231
70.5,8,0.020000000301203448
71,8,0.020000000005555178
71.5,8,0.020000000000072401
72,8,0.020000000000000667
72.5,8,0.020000000000000004
73,8,0.02
73.5,8,0.02
74,8,0.02
74.5,8,0.02
75,8,0.02
75.5,8,0.02
76,8,0.02
76.5,8,0.02
77,8,0.02
77.5,8,0.02
78,8,0.02
78.5,8,0.02
79,8,0.02
79.5,8,0.02
80,8,0.02
10,9,0.02
10.5,9,0.02
11,9,0.02
11.5,9,0.02
12,9,0.02
12.5,9,0.02
13,9,0.02
13.5,9,0.02
14,9,0.02
14.5,9,0.02
15,9,0.02
15.5,9,0.02
16,9,0.02
16.5,9,0.02
17,9,0.02
17.5,9,0.02
18,9,0.02
18.5,9,0.02
19,9,0.02
19.5,9,0.02
20,9,0.020000000000000406
20.5,9,0.020000000000219925
21,9,0.020000000064363681
21.5,9,0.020000010160651917
22,9,0.020000865205498888
22.5,9,0.020039740557452983
23,9,0.020984613135059678
23.5,9,0.03315873927253879
24,9,0.11485930210567795
24.5,9,0.38886084337267668
25,9,0.79368142667835206
25.5,9,0.89534402940471358
26,9,0.55421043002393033
26.5,9,0.19585832757772362
27,9,0.051227017081540843
27.5,9,0.022990990608931887
28,9,0.02015453134497951
28.5,9,0.020004306605652916
29,9,0.020000064739689804
29.5,9,0.020000000524956249
30,9,0.020000000002296108
30.5,9,0.020000000000005416
31,9,0.020000000000000007
31.5,9,0.02
32,9,0.02
32.5,9,0.02
33,9,0.02
33.5,9,0.02
34,9,0.02
34.5,9,0.02
35,9,0.02
35.5,9,0.02
36,9,0.02
36.5,9,0.02
37,9,0.02
37.5,9,0.02
38,9,0.02
38.5,9,0.02
39,9,0.02
39.5,9,0.020000000000000139
40,9,0.020000000000026465
40.5,9,0.020000000003329559
41,9,0.020000000277085945
41.5,9,0.020000015253925921
42,9,0.020000555505344287
42.5,9,0.020013382409658526
43,9,0.020213265138620824
43.5,9,0.022248251483619603
44,9,0.035678675740690308
44.5,9,0.092329146150555375
45,9,0.24072766470286538
45.5,9,0.46559434334266314
46,9,0.61506175638675187
46.5,9,0.54568293733344508
47,9,0.32720281591234596
47.5,9,0.13875884738953242
48,9,0.05037010027517326
48.5,9,0.025137666955440931
49,9,0.020574943463179424
49.5,9,0.020042562174058649
50,9,0.020002084308197252
50.5,9,0.020000067521104833
51,9,0.020000001446960295
51.5,9,0.020000000020512245
52,9,0.020000000000192357
52.5,9,0.020000000000001194
53,9,0.020000000000000004
53.5,9,0.02
54,9,0.02
54.5,9,0.02
55,9,0.02
55.5,9,0.02
56,9,0.02
56.5,9,0.02
57,9,0.02
57.5,9,0.020000000000000004
58,9,0.020000000000000667
58.5,9,0.020000000000072401
59,9,0.020000000005555178
59.5,9,0.020000000301203448
60,9,0.020000011540516231
60.5,9,0.020000312459576331
61,9,0.020005978135409913
61.5,9,0.020080824115620451
62,9,0.020772181654491084
62.5,9,0.025213162979403739
63,9,0.044870609608846521
63.5,9,0.10384455486043913
64,9,0.21974071543971047
64.5,9,0.35624949733380218
65,9,0.42000000000000004
65.5,9,0.35624949733380218
66,9,0.21974071543971047
66.5,9,0.10384455486043913
67,9,0.044870609608846521
67.5,9,0.025213162979403739
68,9,0.020772181654491084
68.5,9,0.020080824115620451
69,9,0.020005978135409913
69.5,9,0.020000312459576331
70,9,0.020000011540516231
70.5,9,0.020000000301203448
71,9,0.020000000005555178
71.5,9,0.020000000000072401
72,9,0.020000000000000667
72.5,9,0.020000000000000004
73,9,0.02
73.5,9,0.02
74,9,0.02
74.5,9,0.02
75,9,0.02
75.5,9,0.02
76,9,0.02
76.5,9,0.02
77,9,0.02
77.5,9,0.02
78,9,0.02
78.5,9,0.02
79,9,0.02
79.5,9,0.02
80,9,0.02
