x,a,a_lower,a_upper,b,b_lower,b_upper
0,0.5,0.38,0.62,1.3553364891256061,1.255336489125606,1.4553364891256062
0.20000000000000001,0.68898011319812813,0.56898011319812813,0.80898011319812813,1.2431720574485103,1.1431720574485102,1.3431720574485104
0.40000000000000002,0.85236028739040282,0.73236028739040282,0.97236028739040281,1.1060383254884201,1.00603832548842,1.2060383254884202
0.60000000000000009,0.98599228067948053,0.86599228067948053,1.1059922806794806,0.95131858452635609,0.85131858452635611,1.0513185845263562
0.80000000000000004,1.0873214925272436,0.96732149252724364,1.2073214925272437,0.78652911757196908,0.68652911757196911,0.88652911757196906
1,1.1553382619002561,1.035338261900256,1.2753382619002562,0.61900951740728638,0.5190095174072864,0.71900951740728636
1.2000000000000002,1.1904715372720553,1.0704715372720552,1.3104715372720555,0.45564385364569843,0.35564385364569839,0.55564385364569846
1.4000000000000001,1.1944346877393901,1.07443468773939,1.3144346877393902,0.30262142603535735,0.20262142603535735,0.40262142603535733
1.6000000000000001,1.1700342236067915,1.0500342236067914,1.2900342236067917,0.16524359232609628,0.065243592326096278,0.26524359232609629
1.8,1.1209526648381065,1.0009526648381066,1.2409526648381064,0.047780824511499953,-0.052219175488500053,0.14778082451149996
2,1.0515167681675808,0.93151676816758078,1.1715167681675807,-0.046618173256734285,-0.14661817325673429,0.05338182674326572
2.2000000000000002,0.96646184687701786,0.84646184687701786,1.0864618468770177,-0.11596566693045518,-0.21596566693045519,-0.015965666930455175
2.4000000000000004,0.87070205323955174,0.75070205323955175,0.99070205323955174,-0.1594248264747602,-0.25942482647476017,-0.05942482647476019
2.6000000000000001,0.76911531407390554,0.64911531407390555,0.88911531407390554,-0.17725458040086894,-0.27725458040086892,-0.077254580400868939
2.8000000000000003,0.66635019231169224,0.54635019231169224,0.78635019231169223,-0.17071505384604491,-0.27071505384604488,-0.070715053846044901
3,0.5666603717300237,0.44666037173002371,0.6866603717300237,-0.14194038813343679,-0.2419403881334368,-0.041940388133436785
3.2000000000000002,0.4737708066024553,0.3537708066024553,0.59377080660245529,-0.093786516652887064,-0.19378651665288707,0.0062134833471129414
3.4000000000000004,0.3907779172670991,0.2707779172670991,0.51077791726709909,-0.029661887290288014,-0.12966188729028802,0.070338112709711992
3.6000000000000001,0.32008461394135279,0.2000846139413528,0.44008461394135279,0.046650813256361334,-0.053349186743638671,0.14665081325636134
3.8000000000000003,0.26336945304810022,0.14336945304810023,0.38336945304810022,0.13117413876505124,0.031174138765051235,0.23117413876505125
4,0.22158792094896629,0.10158792094896629,0.34158792094896628,0.21990932319026463,0.11990932319026462,0.31990932319026466
4.2000000000000002,0.19500273602177237,0.075002736021772376,0.31500273602177237,0.30899723509108684,0.20899723509108684,0.40899723509108687
4.4000000000000004,0.18323918641505682,0.063239186415056825,0.30323918641505682,0.39486139409701904,0.29486139409701906,0.49486139409701901
4.6000000000000005,0.18536089084847079,0.065360890848470798,0.30536089084847079,0.47432873061268555,0.37432873061268557,0.57432873061268552
4.8000000000000007,0.19996098570686199,0.079960985706861998,0.31996098570686199,0.5447249887417317,0.44472498874173172,0.64472498874173167
5,0.22526359548333241,0.10526359548333242,0.34526359548333241,0.60394292099337898,0.50394292099337901,0.70394292099337896
5.2000000000000002,0.25923051861234037,0.13923051861234037,0.37923051861234036,0.65048264968591785,0.55048264968591787,0.75048264968591782
5.4000000000000004,0.29966833282809713,0.17966833282809713,0.41966833282809712,0.68346472693000537,0.5834647269300054,0.78346472693000535
5.6000000000000005,0.34433156366306017,0.22433156366306017,0.46433156366306017,0.70261747190046298,0.602617471900463,0.80261747190046295
5.8000000000000007,0.39101813292590887,0.27101813292590887,0.51101813292590892,0.70824106754976901,0.60824106754976903,0.80824106754976899
6,0.43765397513892035,0.31765397513892035,0.55765397513892034,0.70115163400911173,0.60115163400911176,0.80115163400911171
6.2000000000000002,0.48236444260551231,0.36236444260551232,0.60236444260551236,0.68260904632025832,0.58260904632025834,0.78260904632025829
6.4000000000000004,0.52353087863436043,0.40353087863436043,0.64353087863436043,0.65423262211524102,0.55423262211524105,0.754232622115241
6.6000000000000005,0.55983149039432956,0.43983149039432956,0.67983149039432955,0.6179089709431107,0.51790897094311072,0.71790897094311068
6.8000000000000007,0.59026636826750734,0.47026636826750734,0.71026636826750733,0.57569627927017719,0.47569627927017721,0.67569627927017717
7,0.61416715205345918,0.49416715205345918,0.73416715205345917,0.52972911858411831,0.42972911858411833,0.62972911858411829
7.2000000000000002,0.63119241551146654,0.51119241551146655,0.75119241551146654,0.48212752893471761,0.38212752893471758,0.58212752893471764
7.4000000000000004,0.64131031432853636,0.52131031432853636,0.76131031432853635,0.43491367141279724,0.33491367141279726,0.53491367141279722
7.6000000000000005,0.64477040886417525,0.52477040886417525,0.76477040886417524,0.38993878829756401,0.28993878829756403,0.48993878829756399
7.8000000000000007,0.64206682740206322,0.52206682740206323,0.76206682740206322,0.34882258837004548,0.24882258837004548,0.44882258837004552
8,0.63389507852925386,0.51389507852925387,0.75389507852925386,0.31290651705691142,0.21290651705691141,0.41290651705691139
