x,y,fitted,residual,zero
-2,-1.3370394093657409,-1.3108594954229948,-0.026179913942746103,0
-1.8857142857142857,-1.2742418172290468,-1.2315298188412047,-0.042711998387842121,0
-1.7714285714285714,-0.92245372524718339,-1.1522001422594144,0.22974641701223097,0
-1.657142857142857,-0.86945540938303867,-1.072870465677624,0.20341505629458534,0
-1.5428571428571429,-1.2450146267364925,-0.99354078909583399,-0.25147383764065856,0
-1.4285714285714286,-0.66703099059063731,-0.91421111251404374,0.24718012192340644,0
-1.3142857142857143,-1.1038887566944831,-0.83488143593225339,-0.26900732076222966,0
-1.2000000000000002,-0.68529449542747811,-0.75555175935046326,0.070257263922985147,0
-1.0857142857142859,-0.91154100362058799,-0.67622208276867302,-0.23531892085191497,0
-0.97142857142857153,-0.7023289728344585,-0.59689240618688277,-0.10543656664757572,0
-0.85714285714285721,-0.71671344555563266,-0.51756272960509253,-0.19915071595054012,0
-0.74285714285714288,-0.47498692445951207,-0.43823305302330223,-0.03675387143620984,0
-0.62857142857142856,-0.34968499408270953,-0.35890337644151193,0.0092183823588024016,0
-0.51428571428571423,-0.59005156379751034,-0.27957369985972169,-0.31047786393778865,0
-0.40000000000000013,-0.1053007823978778,-0.20024402327793156,0.094943240880053764,0
-0.28571428571428581,-0.35872036842186877,-0.12091434669614128,-0.23780602172572751,0
-0.17142857142857149,-0.033573347372721205,-0.041584670114351005,0.0080113227416298005,0
-0.057142857142857162,0.3744043205388371,0.037745006467439265,0.33665931407139782,0
0.05714285714285694,0.34850986794039374,0.11707468304922938,0.23143518489116435,0
0.17142857142857126,0.73869715966086047,0.19640435963101965,0.54229280002984082,0
0.28571428571428559,0.15870147579960917,0.27573403621280995,-0.11703256041320079,0
0.39999999999999991,0.42063138166666697,0.35506371279460019,0.065567668872066776,0
0.51428571428571423,0.89071710485998135,0.43439338937639049,0.45632371548359085,0
0.62857142857142856,0.015091684919887549,0.51372306595818074,-0.49863138103829319,0
0.74285714285714288,0.76772041571796668,0.59305274253997098,0.1746676731779957,0
0.85714285714285721,0.3777330008679754,0.67238241912176133,-0.29464941825378593,0
0.97142857142857153,1.0078681562414926,0.75171209570355157,0.25615606053794104,0
1.0857142857142854,0.5196415341606323,0.83104177228534148,-0.31140023812470918,0
1.1999999999999997,0.9485571041562898,0.91037144886713184,0.03818565528915796,0
1.3142857142857141,1.0833782396364118,0.98970112544892208,0.093677114187489696,0
1.4285714285714284,1.3204871545892127,1.0690308020307124,0.2514563525585003,0
1.5428571428571427,1.4803153324468166,1.1483604786125026,0.331954853834314,0
1.657142857142857,1.029940599320708,1.2276901551942929,-0.19774955587358489,0
1.7714285714285714,0.9526430507801591,1.3070198317760831,-0.35437678099592396,0
1.8857142857142857,1.3790895988415302,1.3863495083578734,-0.0072599095163432548,0
2,1.319947862371585,1.4656791849396638,-0.14573132256807875,0
