r02_charge_mAh_g,r02_charge_V,r02_discharge_mAh_g,r02_discharge_V,r05_charge_mAh_g,r05_charge_V,r05_discharge_mAh_g,r05_discharge_V,r1_charge_mAh_g,r1_charge_V,r1_discharge_mAh_g,r1_discharge_V,r2_charge_mAh_g,r2_charge_V,r2_discharge_mAh_g,r2_discharge_V
0,1.24,0,1.66,0,1.265,0,1.635,0,1.29,0,1.61,0,1.315,0,1.585
2.4,1.320171233,2.304,1.579828767,2.05,1.345171233,1.968,1.554828767,1.7,1.370171233,1.632,1.529828767,1.35,1.395171233,1.296,1.504828767
4.8,1.377843207,4.608,1.522156793,4.1,1.402843207,3.936,1.497156793,3.4,1.427843207,3.264,1.472156793,2.7,1.452843207,2.592,1.447156793
7.2,1.419393756,6.912,1.480606244,6.15,1.444393756,5.904,1.455606244,5.1,1.469393756,4.896,1.430606244,4.05,1.494393756,3.888,1.405606244
9.6,1.449392801,9.216,1.450607199,8.2,1.474392801,7.872,1.425607199,6.8,1.499392801,6.528,1.400607199,5.4,1.524392801,5.184,1.375607199
12,1.471114831,11.52,1.428885169,10.25,1.496114831,9.84,1.403885169,8.5,1.521114831,8.16,1.378885169,6.75,1.546114831,6.48,1.353885169
14.4,1.486906121,13.824,1.413093879,12.3,1.511906121,11.808,1.388093879,10.2,1.536906121,9.792,1.363093879,8.1,1.561906121,7.776,1.338093879
16.8,1.498447849,16.128,1.401552151,14.35,1.523447849,13.776,1.376552151,11.9,1.548447849,11.424,1.351552151,9.45,1.573447849,9.072,1.326552151
19.2,1.506944634,18.432,1.393055366,16.4,1.531944634,15.744,1.368055366,13.6,1.556944634,13.056,1.343055366,10.8,1.581944634,10.368,1.318055366
21.6,1.513259622,20.736,1.386740378,18.45,1.538259622,17.712,1.361740378,15.3,1.563259622,14.688,1.336740378,12.15,1.588259622,11.664,1.311740378
24,1.518011285,23.04,1.381988715,20.5,1.543011285,19.68,1.356988715,17,1.568011285,16.32,1.331988715,13.5,1.593011285,12.96,1.306988715
26.4,1.521642777,25.344,1.378357223,22.55,1.546642777,21.648,1.353357223,18.7,1.571642777,17.952,1.328357223,14.85,1.596642777,14.256,1.303357223
28.8,1.524471634,27.648,1.375528366,24.6,1.549471634,23.616,1.350528366,20.4,1.574471634,19.584,1.325528366,16.2,1.599471634,15.552,1.300528366
31.2,1.52672538,29.952,1.37327462,26.65,1.55172538,25.584,1.34827462,22.1,1.57672538,21.216,1.32327462,17.55,1.60172538,16.848,1.29827462
33.6,1.528567047,32.256,1.371432953,28.7,1.553567047,27.552,1.346432953,23.8,1.578567047,22.848,1.321432953,18.9,1.603567047,18.144,1.296432953
36,1.530113452,34.56,1.369886548,30.75,1.555113452,29.52,1.344886548,25.5,1.580113452,24.48,1.319886548,20.25,1.605113452,19.44,1.294886548
38.4,1.531448303,36.864,1.368551697,32.8,1.556448303,31.488,1.343551697,27.2,1.581448303,26.112,1.318551697,21.6,1.606448303,20.736,1.293551697
40.8,1.532631584,39.168,1.367368416,34.85,1.557631584,33.456,1.342368416,28.9,1.582631584,27.744,1.317368416,22.95,1.607631584,22.032,1.292368416
43.2,1.53370628,41.472,1.36629372,36.9,1.55870628,35.424,1.34129372,30.6,1.58370628,29.376,1.31629372,24.3,1.60870628,23.328,1.29129372
45.6,1.534703201,43.776,1.365296799,38.95,1.559703201,37.392,1.340296799,32.3,1.584703201,31.008,1.315296799,25.65,1.609703201,24.624,1.290296799
48,1.535644431,46.08,1.364355569,41,1.560644431,39.36,1.339355569,34,1.585644431,32.64,1.314355569,27,1.610644431,25.92,1.289355569
50.4,1.536545808,48.384,1.363454192,43.05,1.561545808,41.328,1.338454192,35.7,1.586545808,34.272,1.313454192,28.35,1.611545808,27.216,1.288454192
52.8,1.537418697,50.688,1.362581303,45.1,1.562418697,43.296,1.337581303,37.4,1.587418697,35.904,1.312581303,29.7,1.612418697,28.512,1.287581303
55.2,1.53827126,52.992,1.36172874,47.15,1.56327126,45.264,1.33672874,39.1,1.58827126,37.536,1.31172874,31.05,1.61327126,29.808,1.28672874
57.6,1.539109373,55.296,1.360890627,49.2,1.564109373,47.232,1.335890627,40.8,1.589109373,39.168,1.310890627,32.4,1.614109373,31.104,1.285890627
60,1.539937274,57.6,1.360062726,51.25,1.564937274,49.2,1.335062726,42.5,1.589937274,40.8,1.310062726,33.75,1.614937274,32.4,1.285062726
62.4,1.54075804,59.904,1.35924196,53.3,1.56575804,51.168,1.33424196,44.2,1.59075804,42.432,1.30924196,35.1,1.61575804,33.696,1.28424196
64.8,1.541573918,62.208,1.358426082,55.35,1.566573918,53.136,1.333426082,45.9,1.591573918,44.064,1.308426082,36.45,1.616573918,34.992,1.283426082
67.2,1.542386575,64.512,1.357613425,57.4,1.567386575,55.104,1.332613425,47.6,1.592386575,45.696,1.307613425,37.8,1.617386575,36.288,1.282613425
69.6,1.543197266,66.816,1.356802734,59.45,1.568197266,57.072,1.331802734,49.3,1.593197266,47.328,1.306802734,39.15,1.618197266,37.584,1.281802734
72,1.544006971,69.12,1.355993029,61.5,1.569006971,59.04,1.330993029,51,1.594006971,48.96,1.305993029,40.5,1.619006971,38.88,1.280993029
74.4,1.544816478,71.424,1.355183522,63.55,1.569816478,61.008,1.330183522,52.7,1.594816478,50.592,1.305183522,41.85,1.619816478,40.176,1.280183522
76.8,1.545626459,73.728,1.354373541,65.6,1.570626459,62.976,1.329373541,54.4,1.595626459,52.224,1.304373541,43.2,1.620626459,41.472,1.279373541
79.2,1.546437516,76.032,1.353562484,67.65,1.571437516,64.944,1.328562484,56.1,1.596437516,53.856,1.303562484,44.55,1.621437516,42.768,1.278562484
81.6,1.547250223,78.336,1.352749777,69.7,1.572250223,66.912,1.327749777,57.8,1.597250223,55.488,1.302749777,45.9,1.622250223,44.064,1.277749777
84,1.548065155,80.64,1.351934845,71.75,1.573065155,68.88,1.326934845,59.5,1.598065155,57.12,1.301934845,47.25,1.623065155,45.36,1.276934845
86.4,1.548882913,82.944,1.351117087,73.8,1.573882913,70.848,1.326117087,61.2,1.598882913,58.752,1.301117087,48.6,1.623882913,46.656,1.276117087
88.8,1.549704142,85.248,1.350295858,75.85,1.574704142,72.816,1.325295858,62.9,1.599704142,60.384,1.300295858,49.95,1.624704142,47.952,1.275295858
91.2,1.55052955,87.552,1.34947045,77.9,1.57552955,74.784,1.32447045,64.6,1.60052955,62.016,1.29947045,51.3,1.62552955,49.248,1.27447045
93.6,1.551359927,89.856,1.348640073,79.95,1.576359927,76.752,1.323640073,66.3,1.601359927,63.648,1.298640073,52.65,1.626359927,50.544,1.273640073
96,1.552196155,92.16,1.347803845,82,1.577196155,78.72,1.322803845,68,1.602196155,65.28,1.297803845,54,1.627196155,51.84,1.272803845
98.4,1.553039223,94.464,1.346960777,84.05,1.578039223,80.688,1.321960777,69.7,1.603039223,66.912,1.296960777,55.35,1.628039223,53.136,1.271960777
100.8,1.553890247,96.768,1.346109753,86.1,1.578890247,82.656,1.321109753,71.4,1.603890247,68.544,1.296109753,56.7,1.628890247,54.432,1.271109753
103.2,1.554750479,99.072,1.345249521,88.15,1.579750479,84.624,1.320249521,73.1,1.604750479,70.176,1.295249521,58.05,1.629750479,55.728,1.270249521
105.6,1.555621327,101.376,1.344378673,90.2,1.580621327,86.592,1.319378673,74.8,1.605621327,71.808,1.294378673,59.4,1.630621327,57.024,1.269378673
108,1.556504368,103.68,1.343495632,92.25,1.581504368,88.56,1.318495632,76.5,1.606504368,73.44,1.293495632,60.75,1.631504368,58.32,1.268495632
110.4,1.557401367,105.984,1.342598633,94.3,1.582401367,90.528,1.317598633,78.2,1.607401367,75.072,1.292598633,62.1,1.632401367,59.616,1.267598633
112.8,1.558314295,108.288,1.341685705,96.35,1.583314295,92.496,1.316685705,79.9,1.608314295,76.704,1.291685705,63.45,1.633314295,60.912,1.266685705
115.2,1.559245347,110.592,1.340754653,98.4,1.584245347,94.464,1.315754653,81.6,1.609245347,78.336,1.290754653,64.8,1.634245347,62.208,1.265754653
117.6,1.560196965,112.896,1.339803035,100.45,1.585196965,96.432,1.314803035,83.3,1.610196965,79.968,1.289803035,66.15,1.635196965,63.504,1.264803035
120,1.561171859,115.2,1.338828141,102.5,1.586171859,98.4,1.313828141,85,1.611171859,81.6,1.288828141,67.5,1.636171859,64.8,1.263828141
122.4,1.562173027,117.504,1.337826973,104.55,1.587173027,100.368,1.312826973,86.7,1.612173027,83.232,1.287826973,68.85,1.637173027,66.096,1.262826973
124.8,1.563203784,119.808,1.336796216,106.6,1.588203784,102.336,1.311796216,88.4,1.613203784,84.864,1.286796216,70.2,1.638203784,67.392,1.261796216
127.2,1.564267785,122.112,1.335732215,108.65,1.589267785,104.304,1.310732215,90.1,1.614267785,86.496,1.285732215,71.55,1.639267785,68.688,1.260732215
129.6,1.565369055,124.416,1.334630945,110.7,1.590369055,106.272,1.309630945,91.8,1.615369055,88.128,1.284630945,72.9,1.640369055,69.984,1.259630945
132,1.566512015,126.72,1.333487985,112.75,1.591512015,108.24,1.308487985,93.5,1.616512015,89.76,1.283487985,74.25,1.641512015,71.28,1.258487985
134.4,1.567701517,129.024,1.332298483,114.8,1.592701517,110.208,1.307298483,95.2,1.617701517,91.392,1.282298483,75.6,1.642701517,72.576,1.257298483
136.8,1.568942873,131.328,1.331057127,116.85,1.593942873,112.176,1.306057127,96.9,1.618942873,93.024,1.281057127,76.95,1.643942873,73.872,1.256057127
139.2,1.570241891,133.632,1.329758109,118.9,1.595241891,114.144,1.304758109,98.6,1.620241891,94.656,1.279758109,78.3,1.645241891,75.168,1.254758109
141.6,1.571604912,135.936,1.328395088,120.95,1.596604912,116.112,1.303395088,100.3,1.621604912,96.288,1.278395088,79.65,1.646604912,76.464,1.253395088
144,1.573038847,138.24,1.326961153,123,1.598038847,118.08,1.301961153,102,1.623038847,97.92,1.276961153,81,1.648038847,77.76,1.251961153
146.4,1.574551219,140.544,1.325448781,125.05,1.599551219,120.048,1.300448781,103.7,1.624551219,99.552,1.275448781,82.35,1.649551219,79.056,1.250448781
148.8,1.576150203,142.848,1.323849797,127.1,1.601150203,122.016,1.298849797,105.4,1.626150203,101.184,1.273849797,83.7,1.651150203,80.352,1.248849797
151.2,1.577844673,145.152,1.322155327,129.15,1.602844673,123.984,1.297155327,107.1,1.627844673,102.816,1.272155327,85.05,1.652844673,81.648,1.247155327
153.6,1.579644249,147.456,1.320355751,131.2,1.604644249,125.952,1.295355751,108.8,1.629644249,104.448,1.270355751,86.4,1.654644249,82.944,1.245355751
156,1.581559344,149.76,1.318440656,133.25,1.606559344,127.92,1.293440656,110.5,1.631559344,106.08,1.268440656,87.75,1.656559344,84.24,1.243440656
158.4,1.583601218,152.064,1.316398782,135.3,1.608601218,129.888,1.291398782,112.2,1.633601218,107.712,1.266398782,89.1,1.658601218,85.536,1.241398782
160.8,1.58578203,154.368,1.31421797,137.35,1.61078203,131.856,1.28921797,113.9,1.63578203,109.344,1.26421797,90.45,1.66078203,86.832,1.23921797
163.2,1.588114897,156.672,1.311885103,139.4,1.613114897,133.824,1.286885103,115.6,1.638114897,110.976,1.261885103,91.8,1.663114897,88.128,1.236885103
165.6,1.590613951,158.976,1.309386049,141.45,1.615613951,135.792,1.284386049,117.3,1.640613951,112.608,1.259386049,93.15,1.665613951,89.424,1.234386049
168,1.593294403,161.28,1.306705597,143.5,1.618294403,137.76,1.281705597,119,1.643294403,114.24,1.256705597,94.5,1.668294403,90.72,1.231705597
170.4,1.596172606,163.584,1.303827394,145.55,1.621172606,139.728,1.278827394,120.7,1.646172606,115.872,1.253827394,95.85,1.671172606,92.016,1.228827394
172.8,1.599266124,165.888,1.300733876,147.6,1.624266124,141.696,1.275733876,122.4,1.649266124,117.504,1.250733876,97.2,1.674266124,93.312,1.225733876
175.2,1.602593803,168.192,1.297406197,149.65,1.627593803,143.664,1.272406197,124.1,1.652593803,119.136,1.247406197,98.55,1.677593803,94.608,1.222406197
177.6,1.606175842,170.496,1.293824158,151.7,1.631175842,145.632,1.268824158,125.8,1.656175842,120.768,1.243824158,99.9,1.681175842,95.904,1.218824158
180,1.610033875,172.8,1.289966125,153.75,1.635033875,147.6,1.264966125,127.5,1.660033875,122.4,1.239966125,101.25,1.685033875,97.2,1.214966125
182.4,1.614191044,175.104,1.285808956,155.8,1.639191044,149.568,1.260808956,129.2,1.664191044,124.032,1.235808956,102.6,1.689191044,98.496,1.210808956
184.8,1.618672089,177.408,1.281327911,157.85,1.643672089,151.536,1.256327911,130.9,1.668672089,125.664,1.231327911,103.95,1.693672089,99.792,1.206327911
187.2,1.623503431,179.712,1.276496569,159.9,1.648503431,153.504,1.251496569,132.6,1.673503431,127.296,1.226496569,105.3,1.698503431,101.088,1.201496569
189.6,1.628713264,182.016,1.271286736,161.95,1.653713264,155.472,1.246286736,134.3,1.678713264,128.928,1.221286736,106.65,1.703713264,102.384,1.196286736
192,1.634331648,184.32,1.265668352,164,1.659331648,157.44,1.240668352,136,1.684331648,130.56,1.215668352,108,1.709331648,103.68,1.190668352
194.4,1.640390606,186.624,1.259609394,166.05,1.665390606,159.408,1.234609394,137.7,1.690390606,132.192,1.209609394,109.35,1.715390606,104.976,1.184609394
196.8,1.646924226,188.928,1.253075774,168.1,1.671924226,161.376,1.228075774,139.4,1.696924226,133.824,1.203075774,110.7,1.721924226,106.272,1.178075774
199.2,1.653968767,191.232,1.246031233,170.15,1.678968767,163.344,1.221031233,141.1,1.703968767,135.456,1.196031233,112.05,1.728968767,107.568,1.171031233
201.6,1.661562767,193.536,1.238437233,172.2,1.686562767,165.312,1.213437233,142.8,1.711562767,137.088,1.188437233,113.4,1.736562767,108.864,1.163437233
204,1.669747158,195.84,1.230252842,174.25,1.694747158,167.28,1.205252842,144.5,1.719747158,138.72,1.180252842,114.75,1.744747158,110.16,1.155252842
206.4,1.678565378,198.144,1.221434622,176.3,1.703565378,169.248,1.196434622,146.2,1.728565378,140.352,1.171434622,116.1,1.753565378,111.456,1.146434622
208.8,1.688063501,200.448,1.211936499,178.35,1.713063501,171.216,1.186936499,147.9,1.738063501,141.984,1.161936499,117.45,1.763063501,112.752,1.136936499
211.2,1.698290357,202.752,1.201709643,180.4,1.723290357,173.184,1.176709643,149.6,1.748290357,143.616,1.151709643,118.8,1.773290357,114.048,1.126709643
213.6,1.709297664,205.056,1.190702336,182.45,1.734297664,175.152,1.165702336,151.3,1.759297664,145.248,1.140702336,120.15,1.784297664,115.344,1.115702336
216,1.721140163,207.36,1.178859837,184.5,1.746140163,177.12,1.153859837,153,1.771140163,146.88,1.128859837,121.5,1.796140163,116.64,1.103859837
218.4,1.733875758,209.664,1.166124242,186.55,1.758875758,179.088,1.141124242,154.7,1.783875758,148.512,1.116124242,122.85,1.808875758,117.936,1.091124242
220.8,1.747565662,211.968,1.152434338,188.6,1.772565662,181.056,1.127434338,156.4,1.797565662,150.144,1.102434338,124.2,1.822565662,119.232,1.077434338
223.2,1.762274543,214.272,1.137725457,190.65,1.787274543,183.024,1.112725457,158.1,1.812274543,151.776,1.087725457,125.55,1.837274543,120.528,1.062725457
225.6,1.778070682,216.576,1.121929318,192.7,1.803070682,184.992,1.096929318,159.8,1.828070682,153.408,1.071929318,126.9,1.853070682,121.824,1.046929318
228,1.795026129,218.88,1.104973871,194.75,1.820026129,186.96,1.079973871,161.5,1.845026129,155.04,1.054973871,128.25,1.870026129,123.12,1.029973871
230.4,1.813216874,221.184,1.086783126,196.8,1.838216874,188.928,1.061783126,163.2,1.863216874,156.672,1.036783126,129.6,1.888216874,124.416,1.011783126
232.8,1.832723008,223.488,1.067276992,198.85,1.857723008,190.896,1.042276992,164.9,1.882723008,158.304,1.017276992,130.95,1.907723008,125.712,0.9922769922
235.2,1.853628907,225.792,1.046371093,200.9,1.878628907,192.864,1.021371093,166.6,1.903628907,159.936,0.9963710932,132.3,1.928628907,127.008,0.9713710932
237.6,1.876023408,228.096,1.023976592,202.95,1.901023408,194.832,0.9989765917,168.3,1.926023408,161.568,0.9739765917,133.65,1.951023408,128.304,0.9489765917
240,1.9,230.4,1,205,1.925,196.8,0.975,170,1.95,163.2,0.95,135,1.975,129.6,0.925
