c1_charge_mAh_g,c1_charge_V,c1_discharge_mAh_g,c1_discharge_V,c50_charge_mAh_g,c50_charge_V,c50_discharge_mAh_g,c50_discharge_V,c100_charge_mAh_g,c100_charge_V,c100_discharge_mAh_g,c100_discharge_V
0,1.24,0,1.66,0,1.265,0,1.635,0,1.29,0,1.61
2.2,1.320171233,2.112,1.579828767,2.05,1.345171233,1.968,1.554828767,1.9,1.370171233,1.824,1.529828767
4.4,1.377843207,4.224,1.522156793,4.1,1.402843207,3.936,1.497156793,3.8,1.427843207,3.648,1.472156793
6.6,1.419393756,6.336,1.480606244,6.15,1.444393756,5.904,1.455606244,5.7,1.469393756,5.472,1.430606244
8.8,1.449392801,8.448,1.450607199,8.2,1.474392801,7.872,1.425607199,7.6,1.499392801,7.296,1.400607199
11,1.471114831,10.56,1.428885169,10.25,1.496114831,9.84,1.403885169,9.5,1.521114831,9.12,1.378885169
13.2,1.486906121,12.672,1.413093879,12.3,1.511906121,11.808,1.388093879,11.4,1.536906121,10.944,1.363093879
15.4,1.498447849,14.784,1.401552151,14.35,1.523447849,13.776,1.376552151,13.3,1.548447849,12.768,1.351552151
17.6,1.506944634,16.896,1.393055366,16.4,1.531944634,15.744,1.368055366,15.2,1.556944634,14.592,1.343055366
19.8,1.513259622,19.008,1.386740378,18.45,1.538259622,17.712,1.361740378,17.1,1.563259622,16.416,1.336740378
22,1.518011285,21.12,1.381988715,20.5,1.543011285,19.68,1.356988715,19,1.568011285,18.24,1.331988715
24.2,1.521642777,23.232,1.378357223,22.55,1.546642777,21.648,1.353357223,20.9,1.571642777,20.064,1.328357223
26.4,1.524471634,25.344,1.375528366,24.6,1.549471634,23.616,1.350528366,22.8,1.574471634,21.888,1.325528366
28.6,1.52672538,27.456,1.37327462,26.65,1.55172538,25.584,1.34827462,24.7,1.57672538,23.712,1.32327462
30.8,1.528567047,29.568,1.371432953,28.7,1.553567047,27.552,1.346432953,26.6,1.578567047,25.536,1.321432953
33,1.530113452,31.68,1.369886548,30.75,1.555113452,29.52,1.344886548,28.5,1.580113452,27.36,1.319886548
35.2,1.531448303,33.792,1.368551697,32.8,1.556448303,31.488,1.343551697,30.4,1.581448303,29.184,1.318551697
37.4,1.532631584,35.904,1.367368416,34.85,1.557631584,33.456,1.342368416,32.3,1.582631584,31.008,1.317368416
39.6,1.53370628,38.016,1.36629372,36.9,1.55870628,35.424,1.34129372,34.2,1.58370628,32.832,1.31629372
41.8,1.534703201,40.128,1.365296799,38.95,1.559703201,37.392,1.340296799,36.1,1.584703201,34.656,1.315296799
44,1.535644431,42.24,1.364355569,41,1.560644431,39.36,1.339355569,38,1.585644431,36.48,1.314355569
46.2,1.536545808,44.352,1.363454192,43.05,1.561545808,41.328,1.338454192,39.9,1.586545808,38.304,1.313454192
48.4,1.537418697,46.464,1.362581303,45.1,1.562418697,43.296,1.337581303,41.8,1.587418697,40.128,1.312581303
50.6,1.53827126,48.576,1.36172874,47.15,1.56327126,45.264,1.33672874,43.7,1.58827126,41.952,1.31172874
52.8,1.539109373,50.688,1.360890627,49.2,1.564109373,47.232,1.335890627,45.6,1.589109373,43.776,1.310890627
55,1.539937274,52.8,1.360062726,51.25,1.564937274,49.2,1.335062726,47.5,1.589937274,45.6,1.310062726
57.2,1.54075804,54.912,1.35924196,53.3,1.56575804,51.168,1.33424196,49.4,1.59075804,47.424,1.30924196
59.4,1.541573918,57.024,1.358426082,55.35,1.566573918,53.136,1.333426082,51.3,1.591573918,49.248,1.308426082
61.6,1.542386575,59.136,1.357613425,57.4,1.567386575,55.104,1.332613425,53.2,1.592386575,51.072,1.307613425
63.8,1.543197266,61.248,1.356802734,59.45,1.568197266,57.072,1.331802734,55.1,1.593197266,52.896,1.306802734
66,1.544006971,63.36,1.355993029,61.5,1.569006971,59.04,1.330993029,57,1.594006971,54.72,1.305993029
68.2,1.544816478,65.472,1.355183522,63.55,1.569816478,61.008,1.330183522,58.9,1.594816478,56.544,1.305183522
70.4,1.545626459,67.584,1.354373541,65.6,1.570626459,62.976,1.329373541,60.8,1.595626459,58.368,1.304373541
72.6,1.546437516,69.696,1.353562484,67.65,1.571437516,64.944,1.328562484,62.7,1.596437516,60.192,1.303562484
74.8,1.547250223,71.808,1.352749777,69.7,1.572250223,66.912,1.327749777,64.6,1.597250223,62.016,1.302749777
77,1.548065155,73.92,1.351934845,71.75,1.573065155,68.88,1.326934845,66.5,1.598065155,63.84,1.301934845
79.2,1.548882913,76.032,1.351117087,73.8,1.573882913,70.848,1.326117087,68.4,1.598882913,65.664,1.301117087
81.4,1.549704142,78.144,1.350295858,75.85,1.574704142,72.816,1.325295858,70.3,1.599704142,67.488,1.300295858
83.6,1.55052955,80.256,1.34947045,77.9,1.57552955,74.784,1.32447045,72.2,1.60052955,69.312,1.29947045
85.8,1.551359927,82.368,1.348640073,79.95,1.576359927,76.752,1.323640073,74.1,1.601359927,71.136,1.298640073
88,1.552196155,84.48,1.347803845,82,1.577196155,78.72,1.322803845,76,1.602196155,72.96,1.297803845
90.2,1.553039223,86.592,1.346960777,84.05,1.578039223,80.688,1.321960777,77.9,1.603039223,74.784,1.296960777
92.4,1.553890247,88.704,1.346109753,86.1,1.578890247,82.656,1.321109753,79.8,1.603890247,76.608,1.296109753
94.6,1.554750479,90.816,1.345249521,88.15,1.579750479,84.624,1.320249521,81.7,1.604750479,78.432,1.295249521
96.8,1.555621327,92.928,1.344378673,90.2,1.580621327,86.592,1.319378673,83.6,1.605621327,80.256,1.294378673
99,1.556504368,95.04,1.343495632,92.25,1.581504368,88.56,1.318495632,85.5,1.606504368,82.08,1.293495632
101.2,1.557401367,97.152,1.342598633,94.3,1.582401367,90.528,1.317598633,87.4,1.607401367,83.904,1.292598633
103.4,1.558314295,99.264,1.341685705,96.35,1.583314295,92.496,1.316685705,89.3,1.608314295,85.728,1.291685705
105.6,1.559245347,101.376,1.340754653,98.4,1.584245347,94.464,1.315754653,91.2,1.609245347,87.552,1.290754653
107.8,1.560196965,103.488,1.339803035,100.45,1.585196965,96.432,1.314803035,93.1,1.610196965,89.376,1.289803035
110,1.561171859,105.6,1.338828141,102.5,1.586171859,98.4,1.313828141,95,1.611171859,91.2,1.288828141
112.2,1.562173027,107.712,1.337826973,104.55,1.587173027,100.368,1.312826973,96.9,1.612173027,93.024,1.287826973
114.4,1.563203784,109.824,1.336796216,106.6,1.588203784,102.336,1.311796216,98.8,1.613203784,94.848,1.286796216
116.6,1.564267785,111.936,1.335732215,108.65,1.589267785,104.304,1.310732215,100.7,1.614267785,96.672,1.285732215
118.8,1.565369055,114.048,1.334630945,110.7,1.590369055,106.272,1.309630945,102.6,1.615369055,98.496,1.284630945
121,1.566512015,116.16,1.333487985,112.75,1.591512015,108.24,1.308487985,104.5,1.616512015,100.32,1.283487985
123.2,1.567701517,118.272,1.332298483,114.8,1.592701517,110.208,1.307298483,106.4,1.617701517,102.144,1.282298483
125.4,1.568942873,120.384,1.331057127,116.85,1.593942873,112.176,1.306057127,108.3,1.618942873,103.968,1.281057127
127.6,1.570241891,122.496,1.329758109,118.9,1.595241891,114.144,1.304758109,110.2,1.620241891,105.792,1.279758109
129.8,1.571604912,124.608,1.328395088,120.95,1.596604912,116.112,1.303395088,112.1,1.621604912,107.616,1.278395088
132,1.573038847,126.72,1.326961153,123,1.598038847,118.08,1.301961153,114,1.623038847,109.44,1.276961153
134.2,1.574551219,128.832,1.325448781,125.05,1.599551219,120.048,1.300448781,115.9,1.624551219,111.264,1.275448781
136.4,1.576150203,130.944,1.323849797,127.1,1.601150203,122.016,1.298849797,117.8,1.626150203,113.088,1.273849797
138.6,1.577844673,133.056,1.322155327,129.15,1.602844673,123.984,1.297155327,119.7,1.627844673,114.912,1.272155327
140.8,1.579644249,135.168,1.320355751,131.2,1.604644249,125.952,1.295355751,121.6,1.629644249,116.736,1.270355751
143,1.581559344,137.28,1.318440656,133.25,1.606559344,127.92,1.293440656,123.5,1.631559344,118.56,1.268440656
145.2,1.583601218,139.392,1.316398782,135.3,1.608601218,129.888,1.291398782,125.4,1.633601218,120.384,1.266398782
147.4,1.58578203,141.504,1.31421797,137.35,1.61078203,131.856,1.28921797,127.3,1.63578203,122.208,1.26421797
149.6,1.588114897,143.616,1.311885103,139.4,1.613114897,133.824,1.286885103,129.2,1.638114897,124.032,1.261885103
151.8,1.590613951,145.728,1.309386049,141.45,1.615613951,135.792,1.284386049,131.1,1.640613951,125.856,1.259386049
154,1.593294403,147.84,1.306705597,143.5,1.618294403,137.76,1.281705597,133,1.643294403,127.68,1.256705597
156.2,1.596172606,149.952,1.303827394,145.55,1.621172606,139.728,1.278827394,134.9,1.646172606,129.504,1.253827394
158.4,1.599266124,152.064,1.300733876,147.6,1.624266124,141.696,1.275733876,136.8,1.649266124,131.328,1.250733876
160.6,1.602593803,154.176,1.297406197,149.65,1.627593803,143.664,1.272406197,138.7,1.652593803,133.152,1.247406197
162.8,1.606175842,156.288,1.293824158,151.7,1.631175842,145.632,1.268824158,140.6,1.656175842,134.976,1.243824158
165,1.610033875,158.4,1.289966125,153.75,1.635033875,147.6,1.264966125,142.5,1.660033875,136.8,1.239966125
167.2,1.614191044,160.512,1.285808956,155.8,1.639191044,149.568,1.260808956,144.4,1.664191044,138.624,1.235808956
169.4,1.618672089,162.624,1.281327911,157.85,1.643672089,151.536,1.256327911,146.3,1.668672089,140.448,1.231327911
171.6,1.623503431,164.736,1.276496569,159.9,1.648503431,153.504,1.251496569,148.2,1.673503431,142.272,1.226496569
173.8,1.628713264,166.848,1.271286736,161.95,1.653713264,155.472,1.246286736,150.1,1.678713264,144.096,1.221286736
176,1.634331648,168.96,1.265668352,164,1.659331648,157.44,1.240668352,152,1.684331648,145.92,1.215668352
178.2,1.640390606,171.072,1.259609394,166.05,1.665390606,159.408,1.234609394,153.9,1.690390606,147.744,1.209609394
180.4,1.646924226,173.184,1.253075774,168.1,1.671924226,161.376,1.228075774,155.8,1.696924226,149.568,1.203075774
182.6,1.653968767,175.296,1.246031233,170.15,1.678968767,163.344,1.221031233,157.7,1.703968767,151.392,1.196031233
184.8,1.661562767,177.408,1.238437233,172.2,1.686562767,165.312,1.213437233,159.6,1.711562767,153.216,1.188437233
187,1.669747158,179.52,1.230252842,174.25,1.694747158,167.28,1.205252842,161.5,1.719747158,155.04,1.180252842
189.2,1.678565378,181.632,1.221434622,176.3,1.703565378,169.248,1.196434622,163.4,1.728565378,156.864,1.171434622
191.4,1.688063501,183.744,1.211936499,178.35,1.713063501,171.216,1.186936499,165.3,1.738063501,158.688,1.161936499
193.6,1.698290357,185.856,1.201709643,180.4,1.723290357,173.184,1.176709643,167.2,1.748290357,160.512,1.151709643
195.8,1.709297664,187.968,1.190702336,182.45,1.734297664,175.152,1.165702336,169.1,1.759297664,162.336,1.140702336
198,1.721140163,190.08,1.178859837,184.5,1.746140163,177.12,1.153859837,171,1.771140163,164.16,1.128859837
200.2,1.733875758,192.192,1.166124242,186.55,1.758875758,179.088,1.141124242,172.9,1.783875758,165.984,1.116124242
202.4,1.747565662,194.304,1.152434338,188.6,1.772565662,181.056,1.127434338,174.8,1.797565662,167.808,1.102434338
204.6,1.762274543,196.416,1.137725457,190.65,1.787274543,183.024,1.112725457,176.7,1.812274543,169.632,1.087725457
206.8,1.778070682,198.528,1.121929318,192.7,1.803070682,184.992,1.096929318,178.6,1.828070682,171.456,1.071929318
209,1.795026129,200.64,1.104973871,194.75,1.820026129,186.96,1.079973871,180.5,1.845026129,173.28,1.054973871
211.2,1.813216874,202.752,1.086783126,196.8,1.838216874,188.928,1.061783126,182.4,1.863216874,175.104,1.036783126
213.4,1.832723008,204.864,1.067276992,198.85,1.857723008,190.896,1.042276992,184.3,1.882723008,176.928,1.017276992
215.6,1.853628907,206.976,1.046371093,200.9,1.878628907,192.864,1.021371093,186.2,1.903628907,178.752,0.9963710932
217.8,1.876023408,209.088,1.023976592,202.95,1.901023408,194.832,0.9989765917,188.1,1.926023408,180.576,0.9739765917
220,1.9,211.2,1,205,1.925,196.8,0.975,190,1.95,182.4,0.95
