sample,channel,cycle,step,branch,time_s,voltage_V,current_mA,branch_capacity_mAh
Demo,001,1,1,charge,0,0.9,0.72,0
Demo,001,1,1,charge,10,0.918,0.72,0.002
Demo,001,1,1,charge,20,0.936,0.72,0.004
Demo,001,1,1,charge,30,0.954,0.72,0.006
Demo,001,1,1,charge,40,0.972,0.72,0.008
Demo,001,1,1,charge,50,0.99,0.72,0.01
Demo,001,1,1,charge,60,1.008,0.72,0.012
Demo,001,1,1,charge,70,1.026,0.72,0.014
Demo,001,1,1,charge,80,1.044,0.72,0.016
Demo,001,1,1,charge,90,1.062,0.72,0.018
Demo,001,1,1,charge,100,1.08,0.72,0.02
Demo,001,1,1,charge,110,1.098,0.72,0.022
Demo,001,1,1,charge,120,1.116,0.72,0.024
Demo,001,1,1,charge,130,1.134,0.72,0.026
Demo,001,1,1,charge,140,1.152,0.72,0.028
Demo,001,1,1,charge,150,1.17,0.72,0.03
Demo,001,1,1,charge,160,1.188,0.72,0.032
Demo,001,1,1,charge,170,1.206,0.72,0.034
Demo,001,1,1,charge,180,1.224,0.72,0.036
Demo,001,1,1,charge,190,1.242,0.72,0.038
Demo,001,1,1,charge,200,1.26,0.72,0.04
Demo,001,1,1,charge,210,1.278,0.72,0.042
Demo,001,1,1,charge,220,1.296,0.72,0.044
Demo,001,1,1,charge,230,1.314,0.72,0.046
Demo,001,1,1,charge,240,1.332,0.72,0.048
Demo,001,1,1,charge,250,1.35,0.72,0.05
Demo,001,1,1,charge,260,1.368,0.72,0.052
Demo,001,1,1,charge,270,1.386,0.72,0.054
Demo,001,1,1,charge,280,1.404,0.72,0.056
Demo,001,1,1,charge,290,1.422,0.72,0.058
Demo,001,1,1,charge,300,1.44,0.72,0.06
Demo,001,1,1,charge,310,1.458,0.72,0.062
Demo,001,1,1,charge,320,1.476,0.72,0.064
Demo,001,1,1,charge,330,1.494,0.72,0.066
Demo,001,1,1,charge,340,1.512,0.72,0.068
Demo,001,1,1,charge,350,1.53,0.72,0.07
Demo,001,1,1,charge,360,1.548,0.72,0.072
Demo,001,1,1,charge,370,1.566,0.72,0.074
Demo,001,1,1,charge,380,1.584,0.72,0.076
Demo,001,1,1,charge,390,1.602,0.72,0.078
Demo,001,1,1,charge,400,1.62,0.72,0.08
Demo,001,1,1,charge,410,1.638,0.72,0.082
Demo,001,1,1,charge,420,1.656,0.72,0.084
Demo,001,1,1,charge,430,1.674,0.72,0.086
Demo,001,1,1,charge,440,1.692,0.72,0.088
Demo,001,1,1,charge,450,1.71,0.72,0.09
Demo,001,1,1,charge,460,1.728,0.72,0.092
Demo,001,1,1,charge,470,1.746,0.72,0.094
Demo,001,1,1,charge,480,1.764,0.72,0.096
Demo,001,1,1,charge,490,1.782,0.72,0.098
Demo,001,1,1,charge,500,1.8,0.72,0.1
Demo,001,1,2,discharge,510,1.684,-0.72,0.002
Demo,001,1,2,discharge,520,1.668,-0.72,0.004
Demo,001,1,2,discharge,530,1.652,-0.72,0.006
Demo,001,1,2,discharge,540,1.636,-0.72,0.008
Demo,001,1,2,discharge,550,1.62,-0.72,0.01
Demo,001,1,2,discharge,560,1.604,-0.72,0.012
Demo,001,1,2,discharge,570,1.588,-0.72,0.014
Demo,001,1,2,discharge,580,1.572,-0.72,0.016
Demo,001,1,2,discharge,590,1.556,-0.72,0.018
Demo,001,1,2,discharge,600,1.54,-0.72,0.02
Demo,001,1,2,discharge,610,1.524,-0.72,0.022
Demo,001,1,2,discharge,620,1.508,-0.72,0.024
Demo,001,1,2,discharge,630,1.492,-0.72,0.026
Demo,001,1,2,discharge,640,1.476,-0.72,0.028
Demo,001,1,2,discharge,650,1.46,-0.72,0.03
Demo,001,1,2,discharge,660,1.444,-0.72,0.032
Demo,001,1,2,discharge,670,1.428,-0.72,0.034
Demo,001,1,2,discharge,680,1.412,-0.72,0.036
Demo,001,1,2,discharge,690,1.396,-0.72,0.038
Demo,001,1,2,discharge,700,1.38,-0.72,0.04
Demo,001,1,2,discharge,710,1.364,-0.72,0.042
Demo,001,1,2,discharge,720,1.348,-0.72,0.044
Demo,001,1,2,discharge,730,1.332,-0.72,0.046
Demo,001,1,2,discharge,740,1.316,-0.72,0.048
Demo,001,1,2,discharge,750,1.3,-0.72,0.05
Demo,001,1,2,discharge,760,1.284,-0.72,0.052
Demo,001,1,2,discharge,770,1.268,-0.72,0.054
Demo,001,1,2,discharge,780,1.252,-0.72,0.056
Demo,001,1,2,discharge,790,1.236,-0.72,0.058
Demo,001,1,2,discharge,800,1.22,-0.72,0.06
Demo,001,1,2,discharge,810,1.204,-0.72,0.062
Demo,001,1,2,discharge,820,1.188,-0.72,0.064
Demo,001,1,2,discharge,830,1.172,-0.72,0.066
Demo,001,1,2,discharge,840,1.156,-0.72,0.068
Demo,001,1,2,discharge,850,1.14,-0.72,0.07
Demo,001,1,2,discharge,860,1.124,-0.72,0.072
Demo,001,1,2,discharge,870,1.108,-0.72,0.074
Demo,001,1,2,discharge,880,1.092,-0.72,0.076
Demo,001,1,2,discharge,890,1.076,-0.72,0.078
Demo,001,1,2,discharge,900,1.06,-0.72,0.08
Demo,001,1,2,discharge,910,1.044,-0.72,0.082
Demo,001,1,2,discharge,920,1.028,-0.72,0.084
Demo,001,1,2,discharge,930,1.012,-0.72,0.086
Demo,001,1,2,discharge,940,0.996,-0.72,0.088
Demo,001,1,2,discharge,950,0.98,-0.72,0.09
Demo,001,1,2,discharge,960,0.964,-0.72,0.092
Demo,001,1,2,discharge,970,0.948,-0.72,0.094
Demo,001,1,2,discharge,980,0.932,-0.72,0.096
Demo,001,1,2,discharge,990,0.916,-0.72,0.098
Demo,001,1,2,discharge,1000,0.9,-0.72,0.1
