wavenumber,a,b,c,angle,intensity
500,0.080000000000000002,0.059999999999999998,0.080000000000000002,10,0.02
506.5,0.080000000000000002,0.059999999999999998,0.080000000000000002,10.35,0.02
513,0.080000000000000002,0.059999999999999998,0.080000000000000002,10.699999999999999,0.02
519.5,0.080000000000000002,0.059999999999999998,0.080000000000000002,11.050000000000001,0.02
526,0.080000000000000002,0.059999999999999998,0.080000000000000002,11.4,0.02
532.5,0.080000000000000002,0.059999999999999998,0.080000000000000002,11.75,0.02
539,0.080000000000000002,0.059999999999999998,0.080000000000000002,12.1,0.02
545.5,0.080000000000000002,0.059999999999999998,0.080000000000000002,12.449999999999999,0.02
552,0.080000000000000002,0.059999999999999998,0.080000000000000002,12.800000000000001,0.02
558.5,0.080000000000000002,0.059999999999999998,0.080000000000000002,13.15,0.02
565,0.080000000000000002,0.060000000000000005,0.080000000000000002,13.5,0.02
571.5,0.080000000000000029,0.060000000000000026,0.080000000000000016,13.85,0.02
578,0.08000000000000014,0.060000000000000123,0.080000000000000043,14.199999999999999,0.02
584.5,0.080000000000000765,0.060000000000000574,0.080000000000000154,14.550000000000001,0.02
591,0.080000000000004109,0.060000000000002628,0.08000000000000064,14.899999999999999,0.02
597.5,0.080000000000021207,0.060000000000011627,0.080000000000002527,15.25,0.02
604,0.080000000000105043,0.060000000000049687,0.080000000000009758,15.6,0.02
610.5,0.080000000000499061,0.060000000000205236,0.080000000000036597,15.949999999999999,0.02
617,0.080000000002274224,0.060000000000819467,0.080000000000133548,16.300000000000001,0.02
623.5,0.080000000009940092,0.060000000003163252,0.080000000000473942,16.649999999999999,0.02
630,0.080000000041670211,0.060000000011804749,0.080000000001635749,17,0.02
636.5,0.080000000167547686,0.060000000042589263,0.080000000005489985,17.350000000000001,0.02
643,0.080000000646143182,0.060000000148547117,0.080000000017918224,17.699999999999999,0.02
649.5,0.080000002389993219,0.060000000500897849,0.080000000056870524,18.049999999999997,0.02
656,0.080000008478951723,0.060000001632882577,0.080000000175528579,18.399999999999999,0.020000000000002544
662.5,0.080000028851290581,0.060000005146139936,0.080000000526837825,18.75,0.020000000011110356
669,0.0800000941598841,0.060000015679386808,0.080000001537710322,19.100000000000001,0.020000014482800775
675.5,0.080000294743457712,0.060000046184623013,0.080000004364561159,19.449999999999999,0.020005630337999507
682,0.08000088491187092,0.060000131518418633,0.080000012046894456,19.799999999999997,0.020652790268057698
688.5,0.080002548199677934,0.060000362073383252,0.080000032335389382,20.149999999999999,0.042572006613441696
695,0.080007037922499386,0.060000963668067932,0.080000084401381039,20.5,0.25276836709144812
701.5,0.080018643742331516,0.060002479586043905,0.08000021423453392,20.850000000000001,0.7358714534514974
708,0.080047369553626596,0.060006168104808813,0.080000528807825391,21.199999999999999,0.67660384663861539
714.5,0.080115436481447255,0.060014833551799714,0.080001269330558927,21.549999999999997,0.19960941331724052
721,0.080269813985826666,0.060034487316834723,0.080002962920961138,21.899999999999999,0.034652511110987529
727.5,0.08060487191858727,0.060077516562907926,0.080006725643839136,22.25,0.020356494076473615
734,0.081300588699037224,0.06016844202553228,0.080014846228217279,22.600000000000001,0.020002586722675023
740.5,0.082682218278118891,0.060353856558297107,0.080031868884887433,22.949999999999999,0.020000005597636795
747,0.085305494243385044,0.060718662343975639,0.080066525181930456,23.299999999999997,0.020000000003612576
753.5,0.090065495658919387,0.0614110531627034,0.080135043517798141,23.649999999999999,0.020000000000000694
760,0.09831563888873418,0.062678444858677768,0.080266581423276029,24,0.02
766.5,0.11196587281657225,0.064915219193663443,0.080511746039567289,24.350000000000001,0.02
773,0.13350922368742199,0.068720149214110127,0.08095531713276137,24.699999999999999,0.02
779.5,0.16591091046935919,0.074956355842911326,0.081734239648319829,25.049999999999997,0.02
786,0.21229565513805332,0.08479981886923442,0.083061534257767744,25.399999999999999,0.02
792.5,0.27539814175302635,0.099755029026365127,0.085255785158532757,25.75,0.02
799,0.35680432110155641,0.121610748840701,0.088774139867241975,26.099999999999998,0.02
805.5,0.4560996159787572,0.1523085111885375,0.094244262559940659,26.449999999999999,0.02
812,0.57012911638922492,0.19370506269668311,0.10248763873114962,26.799999999999997,0.02
818.5,0.69262639418441607,0.24722972699457546,0.11452361057516644,27.149999999999999,0.02
825,0.81444367192973111,0.31346768751540421,0.13154149730477499,27.5,0.02
831.5,0.92449847741454805,0.39173496419399301,0.15482837616025666,27.849999999999998,0.02
838,1.011358402111352,0.47974036832834427,0.18564381569082128,28.199999999999999,0.02
844.5,1.0651727508589219,0.57344162869732163,0.22504083961647486,28.549999999999997,0.02
851,1.0795062947520697,0.66718671667556384,0.27364442563144642,28.899999999999999,0.02
857.5,1.0526044771163483,0.75418351020839425,0.33141325007572076,29.25,0.02
864,0.9877465008400953,0.82726815026880074,0.39742402418488143,29.599999999999998,0.02
870.5,0.89258816150453058,0.87986225913529337,0.46972645958830822,29.949999999999999,0.02
877,0.77767632607103099,0.90694550139634489,0.54531650718202973,30.299999999999997,0.02
883.5,0.65453312135606234,0.905845187603457,0.62026333475479778,30.649999999999999,0.02
890,0.53378876851922941,0.87667102327947999,0.69000163431413697,31,0.02
896.5,0.42377160613084452,0.82229708077023389,0.7497688888345807,31.349999999999998,0.02
903,0.32978356056934832,0.74789509594567483,0.79513397382815931,31.699999999999999,0.02
909.5,0.25407455318751898,0.66012402937868664,0.82253737591955289,32.049999999999997,0.02
916,0.1963548028087039,0.56615166090369984,0.82975210843225733,32.399999999999999,0.02
922.5,0.15459520780716329,0.47270636088182433,0.81618258776444019,32.75,0.02
929,0.12586856253612874,0.38532879553311056,0.78294582550216685,33.099999999999994,0.02
935.5,0.10705184686635083,0.30792749622947208,0.7327195820676653,33.450000000000003,0.020000000000011332
942,0.095302285442387807,0.24266179889964717,0.66938611802149728,33.799999999999997,0.020000000041670213
948.5,0.088302201421005963,0.19010428871952026,0.59753728915477844,34.149999999999999,0.020000045696936884
955,0.084320239474107203,0.14958934096803642,0.52192838379708628,34.5,0.02001494533852478
961.5,0.082156254228741954,0.11964058824682014,0.44697011966935812,34.849999999999994,0.021457745525197001
968,0.081032213882821238,0.098383833293046313,0.37633176069510288,35.200000000000003,0.062404795269493551
974.5,0.080473933072399292,0.083882271367788128,0.31269911008936291,35.549999999999997,0.38787944117143774
981,0.080208709359870178,0.074365601173199541,0.25769741687299669,35.899999999999999,0.97181678442308794
987.5,0.080088154489409272,0.068353971815209053,0.21195916777996499,36.25,0.75444367192973116
994,0.080035712857379732,0.064696602016677082,0.17529624881340369,36.599999999999994,0.18901331540607177
1000.5,0.080013876592410133,0.062552690856938445,0.14692755703357657,36.950000000000003,0.031599536675244067
1007,0.080005171566119623,0.061341359831249921,0.12571593840216205,37.299999999999997,0.020237420194920298
1013.5,0.080001848689479849,0.060681494534772958,0.11037902157378088,37.649999999999999,0.020001449278887147
1020,0.080000634118497227,0.060334895284237612,0.09965281918010753,38,0.020000002638417794
1026.5,0.080000209303968492,0.060159432164378725,0.092400933305168909,38.349999999999994,0.020000000001432493
1033,0.080000067944138345,0.060074041699980145,0.087673114219722514,38.700000000000003,0.020000000000000233
1039.5,0.080000025193726954,0.060034554007072222,0.084723587712314863,39.049999999999997,0.02
1046,0.080000018234570994,0.060018111815193308,0.083002116535545331,39.399999999999999,0.02
1052.5,0.080000030282141477,0.060013769007849341,0.082130168654927158,39.75,0.02
1059,0.080000065090158695,0.060017223479242064,0.08187211341091484,40.099999999999994,0.02
1065.5,0.080000143024134704,0.060028187062331519,0.082108233859987487,40.450000000000003,0.02
1072,0.080000309639938441,0.060049422206282767,0.082813368184554592,40.799999999999997,0.02
1078.5,0.080000657476963291,0.060086898039259234,0.084042620062155932,41.149999999999999,0.02
1085,0.080001368510293852,0.060150824750279858,0.085923923993311793,41.5,0.02
1091.5,0.08000279211328501,0.060257532891983476,0.088656224669610401,41.849999999999994,0.02
1098,0.080005583833693952,0.060432296896145238,0.092511448117856054,42.199999999999996,0.02
1104.5,0.080010945763595173,0.060713276468786249,0.097838125820147975,42.549999999999997,0.02
1111,0.080021031670425027,0.061156771032060034,0.10506435274172479,42.899999999999999,0.02
1117.5,0.080039610979506973,0.061843945776440673,0.1146976580766885,43.25,0.02
1124,0.080073125947532298,0.062889080460256014,0.12731935094238017,43.599999999999994,0.02
1130.5,0.080132324889972684,0.064449198532790464,0.1435710270315696,43.949999999999996,0.02
1137,0.080234706807917361,0.066734642916088799,0.16413126436854075,44.299999999999997,0.02
1143.5,0.080408059922464026,0.07001977567151127,0.18968117184629252,44.649999999999999,0.02
1150,0.080695402597954949,0.074652511111171577,0.22085842976191616,45,0.02
1156.5,0.081161616534898576,0.081060891771161964,0.25820077291235216,45.349999999999994,0.02
1163,0.081901968728580757,0.089754461127256727,0.3020814425358449,45.699999999999996,0.02
1169.5,0.083052516845961252,0.10131788268877605,0.35264082793346629,46.049999999999997,0.02
1176,0.084802052202863104,0.11639422895122459,0.40972011830470367,46.399999999999999,0.02
1182.5,0.087404739675610438,0.13565574357257668,0.47280402942558641,46.75,0.02
1189,0.091191977365294205,0.15976076731719333,0.54098028622332228,47.099999999999994,0.02
1195.5,0.096581276515656844,0.18929695397227136,0.61292329458528994,47.449999999999996,0.02
1202,0.10407926414267157,0.22471283511306955,0.68690817400539717,47.799999999999997,0.02
1208.5,0.11427540303328865,0.26624205498296916,0.76085902909224667,48.149999999999999,0.02
1215,0.12782291449010208,0.31382690136125169,0.83243215608939314,48.5,0.02
1221.5,0.14540389611714105,0.36704971937982317,0.89913111930550338,48.849999999999994,0.02
1228,0.16767692513582841,0.42508198023612104,0.95844673934993785,49.199999999999996,0.02
1234.5,0.1952075951833096,0.48666078316281935,1.0080115398304688,49.549999999999997,0.02
1241,0.22838534901953655,0.55010111534753292,1.0457556332277795,49.899999999999999,0.02
1247.5,0.26733332610740257,0.6133492064842414,1.0700498337491682,50.25,0.02
1254,0.31182121410695324,0.67407798516397799,1.079822238023755,50.599999999999994,0.02
1260.5,0.36119359120736971,0.72982044695608983,1.0746366565826166,50.949999999999996,0.02
1267,0.4143272460446536,0.77813138803138826,1.0547249016017939,51.299999999999997,0.02
1273.5,0.46962986133204276,0.81676328507195395,1.0209696014411427,51.649999999999999,0.02
1280,0.52508894475052958,0.84383893908296348,0.97483931681436975,52,0.02
1286.5,0.5783741305422202,0.85800249791796812,0.9182826032242335,52.349999999999994,0.02
1293,0.62698861254643745,0.85853196085682515,0.85359166352394789,52.699999999999996,0.02
1299.5,0.66845761809047599,0.84540017135629686,0.78324886577661812,53.049999999999997,0.02
1306,0.70053488902806926,0.81927712528518892,0.70977038140100301,53.399999999999999,0.02
1312.5,0.72140350600664105,0.78147332153247451,0.63556049286879535,53.75,0.02
1319,0.72984617205136293,0.73383082276572509,0.56278793593514764,54.099999999999994,0.02
1325.5,0.72536277437462804,0.67857463165125242,0.49329237777034424,54.449999999999996,0.02
1332,0.70821943401213572,0.61814106085682474,0.4285253035300462,54.799999999999997,0.02
1338.5,0.67942235255067573,0.5550014576242277,0.36952572925665772,55.149999999999999,0.02
1345,0.64062003063853834,0.4914988256177934,0.31692775868212175,55.5,0.02
1351.5,0.59394707430932114,0.42971187000918609,0.27099441138822195,55.849999999999994,0.02
1358,0.54183016485615154,0.37135640670294384,0.23167056519542339,56.199999999999996,0.020000000000000011
1364.5,0.48678066682697174,0.31772874246551175,0.19864730621288812,56.549999999999997,0.020000000000087011
1371,0.43119831401702186,0.26969039552447394,0.17143035191730954,56.899999999999999,0.020000000226435565
1377.5,0.37720673800096172,0.22768910972087825,0.14940629026324764,57.25,0.020000175743602824
1384,0.32653523076558039,0.19180801361468738,0.1319018938038054,57.599999999999994,0.020040679134542709
1390.5,0.28045340592635865,0.16183320375256688,0.11823345182131151,57.949999999999996,0.022808155658161019
1397,0.23975777365042417,0.13732993324893408,0.10774468160279171,58.299999999999997,0.07781332448134598
1403.5,0.20480289796001108,0.11771869447594652,0.099833159893548504,58.649999999999999,0.37497028838573149
1410,0.17556556912371515,0.10234440154616702,0.093966256466258141,59,0.67000000000000004
1416.5,0.15172859787258014,0.090534171134716929,0.089688221162967874,59.349999999999994,0.37497028838574026
1423,0.13277124529763576,0.081641477493080331,0.086620396609680045,59.699999999999996,0.077813324481348825
1429.5,0.11805541431036966,0.075076423044922333,0.084456561485042117,60.049999999999997,0.022808155658161227
1436,0.10689983874240699,0.070323343044686196,0.082955233011959728,60.399999999999999,0.020040679134542713
1442.5,0.098637901360458108,0.066947891680838686,0.081930454136227709,60.75,0.020000175743602824
1449,0.092657806481981658,0.064596172870665852,0.081242233332890018,61.099999999999994,0.020000000226435565
1455.5,0.088426243494339446,0.062988479677104317,0.080787449661579719,61.449999999999996,0.020000000000087011
1462,0.085498239687501823,0.061909918760262111,0.080491720545398979,61.799999999999997,0.020000000000000011
1468.5,0.083516636198449345,0.061199748231463874,0.080302475247250912,62.149999999999999,0.02
1475,0.082204678802185904,0.060740757365051169,0.080183289361333718,62.5,0.02
1481.5,0.081354806654063361,0.060449544277785525,0.08010941090422001,62.849999999999994,0.02
1488,0.080816062508416081,0.060268151114082576,0.080064336864040311,63.199999999999996,0.02
1494.5,0.080481818688602699,0.060157216228388578,0.080037267915424037,63.549999999999997,0.02
1501,0.080278841857364155,0.060090599495020033,0.080021266021366722,63.899999999999999,0.02
1507.5,0.080158178117609225,0.060051317420321791,0.080011954001949909,64.25,0.02
1514,0.080087952654072495,0.060028570279713304,0.080006619365019557,64.599999999999994,0.02
1520.5,0.080047936421022356,0.060015634169060528,0.080003610732130317,64.949999999999989,0.02
1527,0.080025609221307303,0.060008409027088032,0.080001940216271189,65.299999999999997,0.02
1533.5,0.080013410385137054,0.060004445568791961,0.080001027024835802,65.650000000000006,0.02
1540,0.080006883356112779,0.060002310040289754,0.080000535534780287,66,0.02
1546.5,0.080003463166220215,0.060001179838082369,0.080000275087178233,66.349999999999994,0.02
1553,0.080001707892554605,0.060000592292047461,0.080000139196702569,66.699999999999989,0.02
1559.5,0.080000825585134036,0.060000292253707295,0.08000006938466217,67.049999999999997,0.02
1566,0.080000391180586494,0.060000141740771527,0.080000034070141765,67.400000000000006,0.02
1572.5,0.08000018167987949,0.060000067567864288,0.080000016480118674,67.75,0.02
1579,0.080000082708564485,0.060000031658929601,0.080000007852766078,68.099999999999994,0.02
1585.5,0.080000036906957395,0.060000014580180429,0.080000003686047427,68.449999999999989,0.02
1592,0.080000016142846395,0.060000006599943319,0.080000001704414056,68.799999999999997,0.02
1598.5,0.080000006920956115,0.060000002936487447,0.080000000776363711,69.150000000000006,0.02
1605,0.080000002908480708,0.060000001284182439,0.08000000034836241,69.5,0.02
1611.5,0.080000001198065024,0.060000000551996016,0.080000000153983175,69.849999999999994,0.02
1618,0.08000000048373633,0.060000000233214633,0.080000000067048826,70.199999999999989,0.02
1624.5,0.080000000191448123,0.060000000096847021,0.080000000028759746,70.549999999999997,0.02
1631,0.080000000074269009,0.060000000039530051,0.080000000012152198,70.900000000000006,0.02
1637.5,0.080000000028240884,0.060000000015859117,0.080000000005058261,71.25,0.02
1644,0.080000000010525998,0.060000000006253766,0.080000000002074065,71.599999999999994,0.02
1650.5,0.080000000003845578,0.060000000002423899,0.080000000000837762,71.949999999999989,0.02
1657,0.080000000001377136,0.060000000000923419,0.080000000000333346,72.299999999999997,0.02
1663.5,0.080000000000483393,0.06000000000034577,0.080000000000130661,72.650000000000006,0.02
1670,0.080000000000166327,0.060000000000127257,0.080000000000050447,73,0.02
1676.5,0.080000000000056096,0.060000000000046037,0.080000000000019195,73.349999999999994,0.02
1683,0.080000000000018542,0.060000000000016367,0.08000000000000719,73.699999999999989,0.02
1689.5,0.080000000000006011,0.060000000000005715,0.080000000000002652,74.049999999999997,0.02
1696,0.080000000000001917,0.060000000000001961,0.080000000000000973,74.399999999999991,0.02
1702.5,0.080000000000000598,0.060000000000000664,0.080000000000000349,74.75,0.02
1709,0.080000000000000182,0.06000000000000022,0.080000000000000127,75.099999999999994,0.02
1715.5,0.080000000000000057,0.060000000000000067,0.080000000000000043,75.450000000000003,0.02
1722,0.080000000000000016,0.060000000000000019,0.080000000000000016,75.799999999999997,0.02
1728.5,0.080000000000000002,0.060000000000000005,0.080000000000000002,76.149999999999991,0.02
1735,0.080000000000000002,0.059999999999999998,0.080000000000000002,76.5,0.02
1741.5,0.080000000000000002,0.059999999999999998,0.080000000000000002,76.849999999999994,0.02
1748,0.080000000000000002,0.059999999999999998,0.080000000000000002,77.199999999999989,0.02
1754.5,0.080000000000000002,0.059999999999999998,0.080000000000000002,77.549999999999997,0.02
1761,0.080000000000000002,0.059999999999999998,0.080000000000000002,77.899999999999991,0.02
1767.5,0.080000000000000002,0.059999999999999998,0.080000000000000002,78.25,0.02
1774,0.080000000000000002,0.059999999999999998,0.080000000000000002,78.599999999999994,0.02
1780.5,0.080000000000000002,0.059999999999999998,0.080000000000000002,78.949999999999989,0.02
1787,0.080000000000000002,0.059999999999999998,0.080000000000000002,79.299999999999997,0.02
1793.5,0.080000000000000002,0.059999999999999998,0.080000000000000002,79.649999999999991,0.02
1800,0.080000000000000002,0.059999999999999998,0.080000000000000002,80,0.02
