concentration,a,b
0.001,99.989067574570512,99.994911627284338
0.001122018454301963,99.987448099451811,99.99422468160914
0.0012589254117941675,99.985588757921761,99.993445002273717
0.001412537544622754,99.983454033486822,99.992560072527013
0.0015848931924611141,99.981003154304929,99.991555686670992
0.0017782794100389228,99.978189316669301,99.990415722308484
0.0019952623149688789,99.974958794110975,99.989121881920511
0.0022387211385683399,99.971249915384277,99.987653399655642
0.0025118864315095794,99.966991892187082,99.985986708663361
0.0028183829312644548,99.962103474718504,99.984095063682531
0.0031622776601683794,99.95649141004894,99.981948112892212
0.0035481338923357532,99.950048674721515,99.979511412237215
0.0039810717055349734,99.942652448971074,99.976745874542573
0.0044668359215096305,99.934161795378898,99.973607144715956
0.0050118723362727246,99.924414999619685,99.970044891192785
0.005623413251903491,99.91322652514242,99.966002002487841
0.0063095734448019294,99.900383527091449,99.96141367626231
0.0070794578438413804,99.885641863462027,99.956206386680108
0.0079432823472428138,99.868721533335133,99.950296713986731
0.0089125093813374589,99.849301463005673,99.943590018181695
0.01,99.827013550874085,99.935978936341456
0.011220184543019636,99.801435871110797,99.927341680564695
0.012589254117941675,99.772084924361565,99.917540110626305
0.014125375446227547,99.738406811229197,99.906417552214037
0.015848931924611141,99.699767191116067,99.893796328060219
0.017782794100389229,99.655439875522418,99.87947496534035
0.019952623149688799,99.604593891496762,99.863225038374395
0.022387211385683399,99.546278838259298,99.844787600917243
0.025118864315095808,99.479408348960987,99.82386915715378
0.02818382931264455,99.402741461347418,99.800137114928248
0.031622776601683791,99.314861697460472,99.773214658757411
0.035481338923357551,99.214153655708756,99.742674973849702
0.039810717055349734,99.098776931667857,99.708034745757089
0.044668359215096327,98.966637210747919,99.668746853546381
0.050118723362727248,98.815354421402191,99.624192167675176
0.056234132519034905,98.642227908195579,99.573670357351077
0.063095734448019331,98.444198687695433,99.516389606403706
0.070794578438413802,98.217808996416267,99.451455132088
0.07943282347242818,97.959159540417417,99.377856398417023
0.089125093813374592,97.663865123901886,99.294452915443344
0.10000000000000001,97.327009684077495,99.199958519474066
0.11220184543019641,96.943102207180914,99.092924037939852
0.12589254117941676,96.506035560897615,98.971718258333965
0.14125375446227539,96.009050963541554,98.834507145551697
0.1584893192461114,95.444711625997314,98.679231288871577
0.17782794100389229,94.804890042802242,98.503581612121437
0.19952623149688808,94.080774449599545,98.304973452329804
0.223872113856834,93.262901053820812,98.080519208153063
0.25118864315095824,92.341219693999463,97.826999885078365
0.28183829312644548,91.305201451153295,97.540836025928371
0.31622776601683794,90.143997224146958,97.218058719041892
0.35481338923357569,88.846656126029401,96.854281629170785
0.39810717055349731,87.402411436649402,96.444675303466383
0.44668359215096348,85.801039397988006,95.983945371086534
0.50118723362727247,84.03329201293937,95.466316680955316
0.56234132519034907,82.09139894589903,94.885525903883575
0.63095734448019358,79.969625566015992,94.234825650597216
0.70794578438413802,77.664864398388488,93.507003703047161
0.79432823472428216,75.177226498703604,92.694421484497738
0.8912509381337459,72.510588837709392,91.789076347034452
1,69.673045497707236,90.782692553244473
1.1220184543019642,66.677206511737225,89.666845866848107
1.2589254117941675,63.540290646911991,88.433126315638532
1.4125375446227555,60.283968887979015,87.07334280125832
1.584893192461114,56.933934161485325,85.579771650542853
1.7782794100389228,53.519198628032164,83.945448795754359
1.9952623149688808,50.071149531828254,82.164501949659709
2.2387211385683399,46.622423581563126,80.232514913340154
2.5118864315095824,43.205683059271266,78.146911169797306
2.818382931264455,39.852389897991799,75.907338512989142
3.1622776601683795,36.591674241949413,73.516031194016378
3.5481338923357568,33.449381449659505,70.978121695705852
3.9810717055349731,30.447358618813482,68.301871681531139
4.4668359215096345,27.60301286428345,65.498791831670829
5.0118723362727247,24.929143849589252,62.583623938014959
5.6234132519034903,22.434027051854006,59.57416615533208
6.309573444801936,20.121705128724763,56.490933485946059
7.0794578438413804,17.992433954561101,53.356659496811659
7.9432823472428211,16.043227117735743,50.19566034585575
8.9125093813374594,14.268446417043618,47.033096379354404
10,12.660394045839746,43.89417770368798
11.220184543019629,11.20987253253911,40.803366425063231
12.589254117941687,9.9066892721445505,37.783628629087147
14.125375446227554,8.7400923174716336,34.855783573787953
15.848931924611142,7.6991322352874469,32.037986941528949
17.782794100389228,6.7729509778275041,29.345371072687445
19.952623149688787,5.9510029214856734,26.789850019348339
22.387211385683422,5.2232157358191103,24.380083094825196
25.11886431509582,4.5800999151376764,22.121579011780472
28.183829312644548,4.0128159929470755,20.016914699508025
31.622776601683793,3.5132079918955572,18.06603876413126
35.481338923357534,3.0738108051063753,16.266628992440957
39.810717055349777,2.6878381605393433,14.614475576507198
44.668359215096345,2.3491567300144012,13.103865934583174
50.118723362727245,2.0522509004211145,11.727952205871864
56.234132519034908,1.7921817794903918,10.479087917899555
63.095734448019428,1.5645431875108293,9.3491253843423703
70.794578438413879,1.3654166959192906,8.3296697242970819
79.432823472428211,1.1913272084290429,7.4122888302382686
89.12509381337459,1.0392001283624495,6.588681129050209
100,0.90632080222417399,5.8508046558696654
112.20184543019653,0.79029665871768273,5.190971926477415
125.89254117941688,0.68902225953783358,4.6019155035349648
141.25375446227554,0.60064733001396442,4.0768291546107482
158.48931924611142,0.52354773248073727,3.6093892277683119
177.82794100389228,0.45629927341677273,3.1937604316773882
199.52623149688827,0.39765418895476268,2.8245896848198266
223.87211385683423,0.34652012592612413,2.496991152307066
251.18864315095823,0.30194142208972519,2.2065250594333188
281.83829312644548,0.26308248565701342,1.9491723831728511
316.2277660168379,0.22921307762897464,1.7213070895906142
354.81338923357606,0.19969530850386388,1.5196672115521788
398.10717055349772,0.17397217188151118,1.3413257466942949
446.68359215096348,0.15155745011913616,1.1836620964864355
501.18723362727246,0.13202684057605879,1.0443345576793033
562.34132519034904,0.11501016448029959,0.92125421103533212
630.95734448019425,0.10018453362165375,0.81256042244155147
707.94578438413873,0.087268362637371477,0.71659807215202143
794.3282347242822,0.076016126433330097,0.63189655342839024
891.25093813374588,0.066213773181334951,0.55715052737529502
1000,0.057674713314899505,0.49120238215012463
