tau,a,b
0.001,0.014652511110987318,0.00017095829332594131
0.0012589254117941675,0.049741219217693033,0.00080628722391337475
0.0015848931924611141,0.13521065232485296,0.0032298634451508362
0.0019952623149688789,0.29430355293715332,0.010989383333240489
0.0025118864315095794,0.51294431074396329,0.031758301159625232
0.0031622776601683794,0.71587145345149583,0.07795356498303585
0.0039810717055349734,0.8000000000000016,0.16252099708227988
0.0050118723362727246,0.71587145345151548,0.28779136129804361
0.0063095734448019294,0.51294431074418601,0.43285337421300513
0.0079432823472428138,0.29430355293941207,0.55296626837989893
0.01,0.13521065234568808,0.60000000000972153
0.012589254117941675,0.049741219391874238,0.5529662684476514
0.015848931924611141,0.014652512430196215,0.43285337466515361
0.019952623149688799,0.003456200631025733,0.28779136403428335
0.025118864315095808,0.00065284653564507712,0.16252101236298253
0.031622776601683791,9.9044720279531964e-05,0.077953643757657981
0.039810717055349734,1.3572972491715183e-05,0.031758676033971416
0.050118723362727248,8.6320923721089731e-06,0.010991030135880495
0.063095734448019331,3.1381670095708376e-05,0.0032365415591619805
0.07943282347242818,0.00011871569509693928,0.00083128621866251592
0.10000000000000001,0.00040799419622599998,0.00025734515618661699
0.12589254117941676,0.0012703589079021919,0.00030635660278449157
0.1584893192461114,0.0035834875191608807,0.00081616992714020125
0.19952623149688808,0.009157819444376181,0.0022063899901374169
0.25118864315095824,0.021202397634746566,0.0055350053572202551
0.31622776601683794,0.044471788062574742,0.012820953550803992
0.39810717055349731,0.084506657703033103,0.027414727073119659
0.50118723362727247,0.14548022943215524,0.054113318344377888
0.63095734448019358,0.22689438425961492,0.098600894646688267
0.79432823472428216,0.32059019421497764,0.16584943107758093
1,0.41037740414913398,0.25751560882001356
1.2589254117941675,0.47590839221154468,0.3691046968301343
1.584893192461114,0.5,0.48837342824972191
1.9952623149688808,0.47590839221154452,0.59650065227634819
2.5118864315095824,0.41037740414913376,0.67255260740662637
3.1622776601683795,0.32059019421497731,0.69999999999999996
3.9810717055349731,0.22689438425961461,0.67255260740662615
5.0118723362727247,0.14548022943215497,0.59650065227634774
6.309573444801936,0.084506657703032895,0.48837342824972135
7.9432823472428211,0.044471788062574583,0.36910469683013358
10,0.021202397634746295,0.25751560882000962
12.589254117941687,0.0091578194443670408,0.16584943107748479
15.848931924611142,0.0035834875188061974,0.098600894644731374
19.952623149688787,0.0012703588967918368,0.054113318310309882
25.11886431509582,0.00040799391753607234,0.027414726569290882
31.622776601683793,0.00011871009746014365,0.012820947222113924
39.810717055349777,3.1291641955932574e-05,0.0055349378361153846
50.118723362727245,7.4726692623906992e-06,0.0022057781189111047
63.095734448019428,1.61670167189002e-06,0.00081146042173320734
79.432823472428211,3.1687701018830683e-07,0.00027556832845855356
100,5.6267587359629558e-08,8.6386862860675687e-05
125.89254117941688,9.0517504831400413e-09,2.4998994749144466e-05
158.48931924611142,1.3192088972030717e-09,6.6781140111554489e-06
199.52623149688827,1.7418120364477981e-10,1.6468026400068251e-06
251.18864315095823,2.0835106312795316e-11,3.748743461955156e-07
316.2277660168379,2.2578592847356898e-12,7.8774622303481378e-08
398.10717055349772,2.2166888731640071e-13,1.5280704565878239e-08
501.18723362727246,1.9716023553603591e-14,2.7362569039853947e-09
630.95734448019425,1.5886953820119617e-15,4.5230022411742114e-10
794.3282347242822,1.1597614151217846e-16,6.9016539031940116e-11
1000,7.6701418597848336e-18,9.7215607054748137e-12
1258.9254117941687,4.5956278714747219e-19,1.2640820062592385e-12
1584.893192461114,2.4945546963975269e-20,1.5172982178332676e-13
1995.2623149688829,1.226727002174253e-21,1.6812143471346425e-14
2511.8864315095821,5.4652437559490791e-23,1.7196167581544878e-15
3162.2776601683795,2.2058595984980164e-24,1.6236659811704982e-16
3981.0717055349774,8.0659014965738946e-26,1.4152010940867226e-17
5011.8723362727251,2.6719890825270739e-27,1.1386652350172619e-18
6309.573444801943,8.0190544527429609e-29,8.4572741392996756e-20
7943.2823472428217,2.1803105867876441e-30,5.7985739053779599e-21
10000,5.3705687744452446e-32,3.6700199643544244e-22
12589.254117941688,1.198474834449009e-33,2.1442336052041706e-23
15848.931924611141,2.4229490045882777e-35,1.156464247619982e-24
19952.623149688829,4.4377859013856202e-37,5.7576964561245561e-26
25118.86431509582,7.3636838829745816e-39,2.646194491343231e-27
31622.776601683792,1.1069567284003381e-40,1.1226676233840465e-28
39810.717055349771,1.5075539754447341e-42,4.3968037033240899e-30
50118.723362727251,1.8600379880104181e-44,1.5895690454184738e-31
63095.73444801943,2.0791100398008337e-46,5.30491168733275e-33
79432.823472428208,2.1054253854508551e-48,1.6343059484410675e-34
100000,1.9315633315245307e-50,4.6477740397065144e-36
