time,voltage_a,voltage_b
0,0.80000000000000004,0.80000000000000004
5,0.80800000000000005,0.80720000000000003
10,0.81600000000000006,0.81440000000000001
15,0.82400000000000007,0.82160000000000011
20,0.83200000000000007,0.82880000000000009
25,0.84000000000000008,0.83600000000000008
30,0.84800000000000009,0.84320000000000006
35,0.85600000000000009,0.85040000000000004
40,0.8640000000000001,0.85760000000000014
45,0.87200000000000011,0.86480000000000012
50,0.88,0.872
55,0.88800000000000001,0.87919999999999998
60,0.89600000000000002,0.88640000000000008
65,0.90400000000000003,0.89360000000000006
70,0.91200000000000003,0.90080000000000005
75,0.92000000000000004,0.90800000000000003
80,0.92800000000000005,0.91520000000000001
85,0.93600000000000005,0.92240000000000011
90,0.94400000000000006,0.92960000000000009
95,0.95200000000000007,0.93680000000000008
100,0.96000000000000008,0.94400000000000006
105,0.96800000000000008,0.95120000000000005
110,0.97600000000000009,0.95840000000000014
115,0.98399999999999999,0.96560000000000001
120,0.99199999999999999,0.9728
125,1,0.97999999999999998
130,1.008,0.98720000000000008
135,1.016,0.99440000000000006
140,1.024,1.0016
145,1.032,1.0087999999999999
150,1.04,1.016
155,1.048,1.0232000000000001
160,1.056,1.0304
165,1.0640000000000001,1.0376000000000001
170,1.0720000000000001,1.0448
175,1.0800000000000001,1.052
180,1.0880000000000001,1.0592000000000001
185,1.0960000000000001,1.0664
190,1.1040000000000001,1.0736000000000001
195,1.1120000000000001,1.0808
200,1.1200000000000001,1.0880000000000001
205,1.1280000000000001,1.0952000000000002
210,1.1360000000000001,1.1024
215,1.1440000000000001,1.1096000000000001
220,1.1520000000000001,1.1168
225,1.1600000000000001,1.1240000000000001
230,1.1680000000000001,1.1312000000000002
235,1.1760000000000002,1.1384000000000001
240,1.1840000000000002,1.1456000000000002
245,1.1920000000000002,1.1528
250,1.2000000000000002,1.1600000000000001
255,1.2080000000000002,1.1672000000000002
260,1.2160000000000002,1.1744000000000001
265,1.2240000000000002,1.1816000000000002
270,1.232,1.1888000000000001
275,1.24,1.196
280,1.248,1.2032
285,1.256,1.2103999999999999
290,1.264,1.2176
295,1.272,1.2248000000000001
300,1.28,1.232
305,1.288,1.2392000000000001
310,1.296,1.2464
315,1.304,1.2536
320,1.3120000000000001,1.2608000000000001
325,1.3200000000000001,1.268
330,1.3280000000000001,1.2752000000000001
335,1.3360000000000001,1.2824
340,1.3440000000000001,1.2896000000000001
345,1.3520000000000001,1.2968000000000002
350,1.3600000000000001,1.3040000000000003
355,1.3680000000000001,1.3112000000000001
360,1.3760000000000001,1.3184
365,1.3840000000000001,1.3256000000000001
370,1.3920000000000001,1.3328000000000002
375,1.3999999999999999,1.3399999999999999
380,1.4079999999999999,1.3472
385,1.4159999999999999,1.3544
390,1.4239999999999999,1.3615999999999999
395,1.4319999999999999,1.3688
400,1.4399999999999999,1.3759999999999999
405,1.448,1.3832
410,1.456,1.3904000000000001
415,1.464,1.3976
420,1.472,1.4048
425,1.48,1.4119999999999999
430,1.488,1.4192
435,1.496,1.4264000000000001
440,1.504,1.4336
445,1.512,1.4408000000000001
450,1.52,1.448
455,1.528,1.4552
460,1.536,1.4624000000000001
465,1.544,1.4696
470,1.552,1.4768000000000001
475,1.5600000000000001,1.484
480,1.5680000000000001,1.4912000000000001
485,1.5760000000000001,1.4984000000000002
490,1.5840000000000001,1.5056
495,1.5920000000000001,1.5128000000000001
500,1.6000000000000001,1.52
505,1.5920000000000001,1.5128000000000001
510,1.5840000000000001,1.5056
515,1.5760000000000001,1.4984000000000002
520,1.5680000000000001,1.4912000000000001
525,1.5600000000000001,1.484
530,1.552,1.4768000000000001
535,1.544,1.4696
540,1.536,1.4624000000000001
545,1.528,1.4552
550,1.52,1.448
555,1.512,1.4408000000000001
560,1.504,1.4336
565,1.496,1.4264000000000001
570,1.488,1.4192
575,1.48,1.4119999999999999
580,1.472,1.4048
585,1.464,1.3976
590,1.456,1.3904000000000001
595,1.4480000000000002,1.3832000000000002
600,1.4400000000000002,1.3760000000000003
605,1.4320000000000002,1.3688000000000002
610,1.4240000000000002,1.3616000000000001
615,1.4160000000000001,1.3544
620,1.4080000000000001,1.3472000000000002
625,1.4000000000000001,1.3400000000000003
630,1.3920000000000001,1.3328000000000002
635,1.3840000000000001,1.3256000000000001
640,1.3760000000000001,1.3184
645,1.3680000000000001,1.3112000000000001
650,1.3600000000000001,1.3040000000000003
655,1.3520000000000001,1.2968000000000002
660,1.3440000000000001,1.2896000000000001
665,1.3360000000000001,1.2824
670,1.3280000000000001,1.2752000000000001
675,1.3200000000000001,1.268
680,1.3120000000000001,1.2608000000000001
685,1.304,1.2536
690,1.296,1.2464
695,1.288,1.2392000000000001
700,1.28,1.232
705,1.272,1.2248000000000001
710,1.264,1.2176
715,1.256,1.2103999999999999
720,1.248,1.2032
725,1.24,1.196
730,1.2320000000000002,1.1888000000000001
735,1.2240000000000002,1.1816000000000002
740,1.2160000000000002,1.1744000000000001
745,1.2080000000000002,1.1672000000000002
750,1.2000000000000002,1.1600000000000001
755,1.1920000000000002,1.1528
760,1.1840000000000002,1.1456000000000002
765,1.1760000000000002,1.1384000000000001
770,1.1680000000000001,1.1312000000000002
775,1.1600000000000001,1.1240000000000001
780,1.1520000000000001,1.1168
785,1.1440000000000001,1.1096000000000001
790,1.1360000000000001,1.1024
795,1.1280000000000001,1.0952000000000002
800,1.1200000000000001,1.0880000000000001
805,1.1120000000000001,1.0808
810,1.1040000000000001,1.0736000000000001
815,1.0960000000000001,1.0664
820,1.0880000000000001,1.0592000000000001
825,1.0800000000000001,1.052
830,1.0720000000000001,1.0448
835,1.0640000000000001,1.0376000000000001
840,1.056,1.0304
845,1.048,1.0232000000000001
850,1.04,1.016
855,1.032,1.0087999999999999
860,1.024,1.0016
865,1.016,0.99440000000000006
870,1.008,0.98720000000000008
875,1,0.97999999999999998
880,0.9920000000000001,0.97280000000000011
885,0.9840000000000001,0.96560000000000012
890,0.97600000000000009,0.95840000000000014
895,0.96800000000000008,0.95120000000000005
900,0.96000000000000008,0.94400000000000006
905,0.95200000000000007,0.93680000000000008
910,0.94400000000000006,0.92960000000000009
915,0.93600000000000005,0.92240000000000011
920,0.92800000000000005,0.91520000000000001
925,0.92000000000000004,0.90800000000000003
930,0.91200000000000003,0.90080000000000005
935,0.90400000000000003,0.89360000000000006
940,0.89600000000000002,0.88640000000000008
945,0.88800000000000001,0.87919999999999998
950,0.88,0.872
955,0.87200000000000011,0.86480000000000012
960,0.8640000000000001,0.85760000000000014
965,0.85600000000000009,0.85040000000000004
970,0.84800000000000009,0.84320000000000006
975,0.84000000000000008,0.83600000000000008
980,0.83200000000000007,0.82880000000000009
985,0.82400000000000007,0.82160000000000011
990,0.81600000000000006,0.81440000000000001
995,0.80800000000000005,0.80720000000000003
1000,0.80000000000000004,0.80000000000000004
