time,a,b
0,0,0
1.2,3.9210560847676823,2.6314250646854997
2.3999999999999999,7.6883653613364249,5.1936061506604458
3.5999999999999996,11.307956328284252,7.6883653613364249
4.7999999999999998,14.785621103378865,10.117476852839113
6,18.126924692201818,12.482668095705252
7.1999999999999993,21.337213893344654,14.785621103378865
8.4000000000000004,24.421625854427454,17.027973628380622
9.5999999999999996,27.385096292630905,19.21132032700088
10.799999999999999,30.232367392896897,21.337213893344654
12,32.967995396436066,23.40716616353513
13.199999999999999,35.596357891685869,25.422649190860781
14.399999999999999,38.121660819385909,27.385096292630905
15.6,40.547945202980571,29.295903069483863
16.800000000000001,42.879093615118514,31.156428397872993
18,45.118836390597359,32.967995396436066
19.199999999999999,47.270757595695144,34.731892366935391
20.399999999999999,49.338300763441033,36.449373710437762
21.599999999999998,51.324774404002824,38.121660819385909
22.800000000000001,53.233357299009079,39.749942946195702
24,55.067103588277845,41.335378048996816
25.199999999999999,56.82894765709203,42.879093615118514
26.399999999999999,58.52170883184187,44.382187462905819
27.599999999999998,60.148095891548579,45.845728522436715
28.799999999999997,61.710711402488791,47.270757595695137
30,63.212055882855765,48.658288096740797
31.199999999999999,64.654531804121987,50.009306772401786
32.399999999999999,66.040447435506081,51.324774404002824
33.600000000000001,67.372020537696059,52.605626490628119
34.799999999999997,68.651381911739477,53.852773914404395
36,69.880578808779788,55.067103588277845
37.199999999999996,71.061578206094936,56.249479086745069
38.399999999999999,72.196269954680588,57.40074125998693
39.600000000000001,73.28646980341496,58.52170883184187
40.799999999999997,74.333922304644403,59.613178982044012
42,75.340303605839352,60.675927913140185
43.199999999999996,76.307224131787819,61.710711402488791
44.399999999999999,77.236231161618733,62.71826533973347
45.600000000000001,78.128811304778523,63.699306250133269
46.799999999999997,78.986392879923528,64.654531804121987
48,79.810348200534463,65.584621313458769
49.199999999999996,80.601995770910804,66.490236214322834
50.399999999999999,81.362602396059003,67.372020537696045
51.600000000000001,82.093385208850677,68.230601367367555
52.799999999999997,82.795513617694951,69.066589285886494
54,83.470111177841346,69.880578808779788
55.199999999999996,84.118257389307928,70.67314880734375
56.399999999999999,84.740989424311607,71.444862920310342
57.599999999999994,85.339303786964976,72.196269954680588
58.799999999999997,85.9141579078955,72.927904276010608
60,86.466471676338728,73.640286188427325
61.199999999999996,86.997128912157407,74.333922304644403
62.399999999999999,87.50697878014175,75.00930590624165
63.599999999999994,87.996837148854326,75.666917294463687
64.799999999999997,88.467487896193745,76.307224131787819
66,88.919684163766604,76.930681774503711
67.200000000000003,89.354149562074724,77.537733596541486
68.399999999999991,89.771579328446251,78.128811304778523
69.599999999999994,90.172641439563847,78.70433524604924
70.799999999999997,90.55797768036976,79.264714706076106
72,90.928204671058751,79.810348200534463
73.200000000000003,91.283914853801875,80.341623758458326
74.399999999999991,91.625677440780407,80.858919198188431
75.599999999999994,91.95403932504675,81.362602396059003
76.799999999999997,92.269525955670034,81.853031548014201
78,92.57264217856661,82.330555424340318
79.200000000000003,92.863873044361384,82.795513617694951
80.399999999999991,93.143684584572213,83.248236784609318
81.599999999999994,93.412524557359703,83.689046880635871
82.799999999999997,93.670823164035923,84.118257389307928
84,93.918993737478203,84.536173545074519
85.200000000000003,94.157433403549916,84.943092550368888
86.399999999999991,94.386523716586623,85.339303786964976
87.599999999999994,94.606631269964396,85.725089021772177
88.799999999999997,94.818108282727422,86.10072260721482
90,95.021293163213599,86.466471676338728
91.200000000000003,95.216511050580166,86.82259633278386
92.399999999999991,95.404074335095572,87.169349835757771
93.599999999999994,95.584283158030715,87.50697878014175
94.799999999999997,95.757425891948856,87.835723271857574
96,95.923779602163378,88.155817098619622
97.200000000000003,96.083610490101293,88.467487896193759
98.399999999999991,96.237174319282389,88.77095731028119
99.599999999999994,96.384716824595358,89.066441154142694
100.8,96.526474105526134,89.35414956207471
102,96.662673003967399,89.634287138847213
103.2,96.793531467213924,89.907053105208917
104.39999999999999,96.919258896724898,90.172641439563847
105.59999999999999,97.040056483210805,90.431241015919682
106.8,97.156117528581547,90.683035738206115
108,97.267627755270752,90.928204671058751
109.2,97.3747656034312,91.166922167161474
110.39999999999999,97.477702516477279,91.399357991237977
111.59999999999999,97.576603215430893,91.625677440780407
112.8,97.671625962510305,91.846041463601324
114,97.76292281438343,92.060606772292175
115.19999999999999,97.850639865491004,92.269525955670019
116.39999999999999,97.934917481828748,92.472947587291529
117.59999999999999,98.01589052556298,92.671016331111559
118.8,98.093688570838836,92.863873044361384
120,98.168436111126582,93.051654877719841
