strain,stress_a,stress_b
0,0,0
0.625,0.025195312500000001,0.0188671875
1.25,0.05078125,0.037968749999999996
1.875,0.076757812499999994,0.057304687499999993
2.5,0.10312500000000001,0.076874999999999999
3.125,0.1298828125,0.0966796875
3.75,0.15703124999999998,0.11671874999999998
4.375,0.18457031250000003,0.1369921875
5,0.21250000000000002,0.1575
5.625,0.24082031249999999,0.17824218749999998
6.25,0.26953125,0.19921875
6.875,0.29863281250000001,0.2204296875
7.5,0.328125,0.24187499999999998
8.125,0.35800781250000002,0.2635546875
8.75,0.38828125000000002,0.28546874999999999
9.375,0.4189453125,0.3076171875
10,0.45000000000000001,0.32999999999999996
10.625,0.4814453125,0.35261718749999998
11.25,0.51328125000000002,0.37546874999999996
11.875,0.54550781250000002,0.3985546875
12.5,0.578125,0.421875
13.125,0.61113281250000007,0.4454296875
13.75,0.64453125,0.46921874999999996
14.375,0.67832031250000002,0.49324218749999998
15,0.71250000000000002,0.51749999999999996
15.625,0.7470703125,0.5419921875
16.25,0.78203124999999996,0.56671874999999994
16.875,0.8173828125,0.5916796875
17.5,0.85312500000000013,0.61687500000000006
18.125,0.88925781250000002,0.64230468749999992
18.75,0.92578125,0.66796875
19.375,0.96269531250000007,0.69386718749999998
20,1,0.71999999999999997
20.625,1.0376953125000001,0.74636718749999997
21.25,1.0757812499999999,0.77296874999999998
21.875,1.1142578125,0.7998046875
22.5,1.153125,0.82687499999999992
23.125,1.1923828125,0.85417968749999995
23.75,1.2320312500000001,0.88171875
24.375,1.2720703124999999,0.90949218749999994
25,1.3125,0.9375
25.625,1.3533203125,0.96574218749999985
26.25,1.39453125,0.99421874999999993
26.875,1.4361328124999999,1.0229296875
27.5,1.4781250000000001,1.0518749999999999
28.125,1.5205078125,1.0810546875
28.75,1.5632812500000002,1.1104687499999999
29.375,1.6064453125,1.1401171875
30,1.6499999999999999,1.1699999999999999
30.625,1.6939453125000001,1.2001171874999998
31.25,1.73828125,1.23046875
31.875,1.7830078125000002,1.2610546874999999
32.5,1.828125,1.2918749999999999
33.125,1.8736328124999999,1.3229296874999998
33.75,1.9195312500000001,1.3542187499999998
34.375,1.9658203125,1.3857421875
35,2.0125000000000002,1.4175
35.625,2.0595703125,1.4494921874999998
36.25,2.1070312499999999,1.4817187499999998
36.875,2.1548828125000004,1.5141796875
37.5,2.203125,1.546875
38.125,2.2517578125000002,1.5798046875
38.75,2.30078125,1.6129687499999998
39.375,2.3501953124999999,1.6463671874999999
40,2.4000000000000004,1.6799999999999999
40.625,2.4501953125,1.7138671875
41.25,2.5007812500000002,1.7479687500000001
41.875,2.5517578125,1.7823046874999999
42.5,2.6031249999999999,1.816875
43.125,2.6548828125000004,1.8516796874999999
43.75,2.70703125,1.88671875
44.375,2.7595703125000002,1.9219921874999999
45,2.8125,1.9574999999999998
45.625,2.8658203124999999,1.9932421874999999
46.25,2.9195312500000004,2.0292187500000001
46.875,2.9736328125,2.0654296875
47.5,3.0281250000000002,2.1018749999999997
48.125,3.0830078125,2.1385546874999997
48.75,3.1382812499999999,2.1754687499999998
49.375,3.1939453125000004,2.2126171874999998
50,3.25,2.25
50.625,3.3064453125000002,2.2876171875
51.25,3.36328125,2.3254687499999998
51.875,3.4205078125000004,2.3635546874999998
52.5,3.4781250000000004,2.401875
53.125,3.5361328125,2.4404296875
53.75,3.5945312500000002,2.4792187499999998
54.375,3.6533203125,2.5182421874999998
55,3.7125000000000004,2.5575000000000001
55.625,3.7720703125000004,2.5969921874999997
56.25,3.83203125,2.63671875
56.875,3.8923828125000002,2.6766796875000001
57.5,3.953125,2.7168749999999999
58.125,4.0142578125000004,2.7573046874999996
58.75,4.0757812500000004,2.7979687499999999
59.375,4.1376953125,2.8388671875
60,4.2000000000000002,2.8799999999999999
60.625,4.2626953125,2.9213671874999996
61.25,4.3257812500000004,2.9629687499999999
61.875,4.3892578125000004,3.0048046875000001
62.5,4.453125,3.046875
63.125,4.5173828125000002,3.0891796874999997
63.75,4.58203125,3.1317187499999997
64.375,4.6470703125000004,3.1744921874999998
65,4.7125000000000004,3.2174999999999998
65.625,4.7783203125,3.2607421875
66.25,4.8445312500000002,3.3042187499999995
66.875,4.9111328125,3.3479296874999998
67.5,4.9781250000000004,3.3918749999999998
68.125,5.0455078125000004,3.4360546874999995
68.75,5.11328125,3.48046875
69.375,5.1814453125000002,3.5251171874999998
70,5.25,3.5700000000000003
70.625,5.3189453125000004,3.6151171875000001
71.25,5.3882812500000004,3.6604687499999997
71.875,5.4580078125,3.7060546875
72.5,5.5281250000000002,3.7518749999999996
73.125,5.5986328125,3.7979296874999999
73.75,5.6695312500000004,3.8442187499999996
74.375,5.7408203125000004,3.8907421874999999
75,5.8125,3.9375
75.625,5.8845703125000002,3.9844921874999999
76.25,5.95703125,4.0317187499999996
76.875,6.0298828125000004,4.0791796874999999
77.5,6.1031250000000004,4.1268750000000001
78.125,6.1767578125,4.1748046875
78.75,6.2507812500000002,4.2229687499999997
79.375,6.3251953125,4.2713671875000001
80,6.4000000000000004,4.3200000000000003
80.625,6.4751953125000004,4.3688671874999994
81.25,6.55078125,4.41796875
81.875,6.6267578125000002,4.4673046874999995
82.5,6.703125,4.5168749999999998
83.125,6.7798828125000004,4.5666796874999998
83.75,6.8570312500000004,4.6167187499999995
84.375,6.9345703125,4.6669921875
85,7.0125000000000002,4.7174999999999994
85.625,7.0908203125,4.7682421875000003
86.25,7.1695312500000004,4.8192187499999992
86.875,7.2486328125000004,4.8704296874999997
87.5,7.328125,4.921875
88.125,7.4080078125000002,4.9735546875000001
88.75,7.48828125,5.0254687499999999
89.375,7.5689453125000004,5.0776171874999996
90,7.6500000000000004,5.129999999999999
90.625,7.7314453125,5.1826171875
91.25,7.8132812499999993,5.235468749999999
91.875,7.8955078125,5.2885546874999996
92.5,7.9781250000000004,5.3418749999999999
93.125,8.0611328125000004,5.3954296875000001
93.75,8.14453125,5.44921875
94.375,8.2283203124999993,5.5032421874999997
95,8.3125,5.5574999999999992
95.625,8.3970703125000004,5.6119921875000003
96.25,8.4820312500000004,5.6667187499999994
96.875,8.5673828125,5.7216796875
97.5,8.6531249999999993,5.7768749999999995
98.125,8.7392578125,5.8323046874999998
98.75,8.8257812500000004,5.8879687499999998
99.375,8.9126953125000004,5.9438671874999995
100,9,6
