wavelength,absorbance_a,absorbance_b,pl_a,pl_b
250,0.080023201552052947,0.060021987885189254,1.0815214096490333e-24,3.0036501561950555e-22
252,0.08003482965486744,0.06003035592219539,2.5195568885464191e-24,5.8503116566402911e-22
254,0.080051878615643238,0.060041699603837775,5.8314560569209479e-24,1.1343290840081122e-21
256,0.080076671623711279,0.060056996600657386,1.340891498157773e-23,2.1894223296691277e-21
258,0.080112431503143719,0.060077516562907926,3.0631908645774301e-23,4.2067860900392704e-21
260,0.080163586871806719,0.060104898333473676,6.9521361745697595e-23,8.0464019937231651e-21
262,0.080236165227189404,0.060141244386616187,1.5675675819755545e-22,1.532087019468593e-20
264,0.080338291068822634,0.060189235378381056,3.5115436226573535e-22,2.9039929034322924e-20
266,0.080480808554492592,0.060252267902624224,7.8150840544106273e-22,5.4794640120620512e-20
268,0.080678048741360447,0.060334618684556814,1.7279573944692252e-21,1.0292266373451047e-19
270,0.080948760765108693,0.060441638479831611,3.7957377391001189e-21,1.9244842751426165e-19
272,0.081317223874158642,0.060579978844842917,8.2836770076829178e-21,3.5821859533746415e-19
274,0.081814552528023082,0.060757854661995937,1.796031324347447e-20,6.6376186420987359e-19
276,0.08248019924155478,0.060985344797818898,3.8687302393500283e-20,1.2243536424001066e-18
278,0.08336364899896033,0.061274732495930365,8.279169622309912e-20,2.248184083723464e-18
280,0.084526284463853033,0.061640886015793553,1.7602279144261676e-19,4.1094837799355706e-18
282,0.086043382648269551,0.062101678580493057,3.7180465133657933e-19,7.477786871498508e-18
284,0.088006181223593993,0.062678444858677768,7.8023337630561042e-19,1.3545321132270271e-17
286,0.090523926680688371,0.063396468955571939,1.6266646214532314e-18,2.4425076862469236e-17
288,0.093725787959644882,0.064285496220737329,3.3692660765219371e-18,4.3844284068511576e-17
290,0.097762489393361518,0.065380258113362885,6.9332424671944322e-18,7.8346651064867798e-17
292,0.10280748784472261,0.066720995943854416,1.4174288198455772e-17,1.3936647068185558e-16
294,0.10905749333859027,0.068353965610072731,2.8789221443243589e-17,2.4678944282213137e-16
296,0.11673211337478542,0.070331901580427694,5.8092808485287306e-17,4.350360663952313e-16
298,0.12607239189388084,0.072714414495490862,1.1646049095529777e-16,7.6340387444652319e-16
300,0.13733801812481433,0.075568293055424049,2.3195228302435691e-16,1.3335640111081847e-15
302,0.15080300167117294,0.078967677560421445,4.5896807464198849e-16,2.3190162084861778e-15
304,0.16674965104531289,0.082994069836397844,9.0225665620132235e-16,4.0144320571802353e-15
306,0.18546075532664413,0.087736142593961619,1.7621444360684986e-15,6.9179090891190583e-15
308,0.20720995320178298,0.093289310834138994,3.4191385719770073e-15,1.1867411438628191e-14
310,0.23225037905675722,0.099755029026365127,6.5910664926522654e-15,2.0265977629727172e-14
312,0.26080179866671899,0.10723978071976062,1.262288061245161e-14,3.4451610527987521e-14
314,0.29303658175392183,0.11585373224337744,2.4017347816209693e-14,5.8301792766557543e-14
316,0.32906499743740764,0.12570902937680475,4.5399953861861977e-14,9.8216555789348906e-14
318,0.36892045161230752,0.13691772541414149,8.5260832063546832e-14,1.6470921674591603e-13
320,0.41254540138275431,0.14958934087758469,1.5907704423661247e-13,2.7496759428510029e-13
322,0.45977876897899816,0.1638280691089915,2.9486909053529449e-13,4.5695721254568609e-13
324,0.51034572457617533,0.17972965778288827,5.4301869142182605e-13,7.5596200746474895e-13
326,0.56385070398267123,0.19737801359553833,9.934913690168211e-13,1.2449583236920865e-12
328,0.61977446574418538,0.21684159539404085,1.8058314375132107e-12,2.0409861954210827e-12
330,0.67747586894457568,0.23816967907843314,3.2610248726700238e-12,3.3308550357884072e-12
332,0.73619886855433347,0.26138859487980348,5.850524527297441e-12,5.4113024338501301e-12
334,0.79508498536891292,0.28649805314149551,1.0427958367465186e-11,8.7514152757936143e-12
336,0.85319122341971931,0.31346768751540421,1.8465776041311251e-11,1.4089162844623777e-11
338,0.90951309513448508,0.34223395354296154,3.2486253619149423e-11,2.2579925020123168e-11
340,0.96301209337046256,0.37269752499572595,5.6780013070181109e-11,3.6023857218811211e-11
342,1.0126466422756815,0.40472132930382249,9.859505575991516e-11,5.7212159444950146e-11
344,1.0574052891659393,0.43812935628949995,1.7008991999844687e-10,9.0451730169766709e-11
346,1.0963406895463887,0.47270636088096757,2.915182900973734e-10,1.4235601663950984e-10
348,1.1286028062125788,0.50819856043659128,4.9638292076343433e-10,2.2303097679111432e-10
350,1.1534697051492249,0.54431540102128451,8.3971448248584306e-10,3.4784435209761387e-10
352,1.1703743932425503,0.58073243505675376,1.4112704495284222e-09,5.4005144994029396e-10
354,1.1789263056001733,0.61709531617781432,2.3564196932273664e-09,8.3467177383642418e-10
356,1.1789263056001733,0.65302487716037638,3.90893843426485e-09,1.2841824441484894e-09
358,1.1703743932425503,0.68812321502010265,6.4421199690149376e-09,1.9668359612052278e-09
360,1.1534697051492249,0.72198066561069418,1.0547816779454494e-08,2.9987479393158035e-09
362,1.1286028062125788,0.75418351020839425,1.7157742173218437e-08,4.5513705531662782e-09
364,1.0963406895463887,0.78432222062127965,2.7728187925563792e-08,6.8766170335726385e-09
366,1.0574052891659393,0.81200001920196097,4.451912615948969e-08,1.0342794421369281e-08
368,1.0126466422756815,0.83684150748054398,7.101262468370521e-08,1.548571837470707e-08
370,0.96301209337046256,0.85850110339145447,1.1253517471925912e-07,2.3081032457990066e-08
372,0.90951309513448508,0.87667102327947477,1.7717596441407526e-07,3.4245973564959993e-08
374,0.85319122341971931,0.89108855161433587,2.7713100226157301e-07,5.0581792189669135e-08
376,0.79508498536891292,0.90154235868679278,4.3065471910481628e-07,7.437197581528258e-08
378,0.73619886855433347,0.90787765403784104,6.6487055499050254e-07,1.0885661773732412e-07
380,0.67747586894457568,0.90999999999999992,1.0197853771706282e-06,1.5861007253696591e-07
382,0.61977446574418538,0.90787765403784104,1.5539758020273604e-06,2.3005787378250994e-07
384,0.56385070398267123,0.90154235868679278,2.3525752000097709e-06,3.3218028252482476e-07
386,0.51034572457617533,0.89108855161433587,3.5383970832924813e-06,4.7746441451652944e-07
388,0.45977876897899816,0.87667102327947477,5.2872934317695343e-06,6.8318540296455143e-07
390,0.41254540138275431,0.85850110339145447,7.8491756783096907e-06,9.7312035876172e-07
392,0.36892045161230752,0.83684150748054398,1.1576532003397269e-05,1.3798279857391007e-06
394,0.32906499743740764,0.81200001920196097,1.6962766939010798e-05,1.9476627134811784e-06
396,0.29303658175392183,0.78432222062127965,2.4693275661076792e-05,2.7367363562899798e-06
398,0.26080179866671899,0.75418351020839425,3.5712849641635144e-05,3.8280939137032068e-06
400,0.23225037905675722,0.72198066561069418,5.1313790543227751e-05,5.3304345625379189e-06
402,0.20720995320178298,0.68812321502010265,7.3249974875684467e-05,7.388785505805085e-06
404,0.18546075532664413,0.65302487716037638,0.0001038830409456201,1.0195626393500678e-05
406,0.16674965104531289,0.61709531617781432,0.00014636782501158637,1.4005066553780881e-05
408,0.15080300167117294,0.58073243505675376,0.00020488509985103938,1.9150796949317999e-05
410,0.13733801812481433,0.54431540102128451,0.00028493048887656886,2.6068673739260798e-05
412,0.12607239189388084,0.50819856043659128,0.00039366904065507862,3.5324939958208452e-05
414,0.11673211337478542,0.47270636088096757,0.00054036522408542481,4.7651254482016116e-05
416,0.10905749333859027,0.43812935628949995,0.00073689788930147732,6.3987870199383237e-05
418,0.10280748784472261,0.40472132930382249,0.00099836885564444735,8.5536481604308925e-05
420,0.097762489393361518,0.37269752499572595,0.0013438120398556212,0.00011382443939758464
422,0.093725787959644882,0.34223395354296154,0.0017970072205752321,0.00015078219742667887
424,0.090523926680688371,0.31346768751540421,0.0023873984503276378,0.00019883600417306435
426,0.088006181223593993,0.28649805314149551,0.003151111598444441,0.00026101796304255873
428,0.086043382648269551,0.26138859487980348,0.0041320584099020915,0.00034109564608849572
430,0.084526284463853033,0.23816967907843314,0.0053831057419180513,0.00044372343480534741
432,0.08336364899896033,0.21684159539404085,0.0069672783420119955,0.00057461765691657043
434,0.08248019924155478,0.19737801359553833,0.0089589518414761975,0.00074075736505117146
436,0.081814552528023082,0.17972965778288827,0.01144497990196764,0.00095061223572198586
438,0.081317223874158642,0.1638280691089915,0.014525686199726336,0.0012143985284120004
440,0.080948760765108693,0.14958934087758469,0.018315638888734179,0.0015443633089821675
442,0.080678048741360447,0.13691772541414149,0.022944113275126698,0.0019550961856871266
444,0.080480808554492592,0.12570902937680475,0.028555138763884276,0.0024638666110345284
446,0.080338291068822634,0.11585373224337744,0.035307019949546235,0.0030909833566738652
448,0.080236165227189404,0.10723978071976062,0.04337122033886915,0.0038601710690851867
450,0.080163586871806719,0.099755029026365127,0.052930501932708769,0.004798956870929968
452,0.080112431503143719,0.093289310834138994,0.064176225962479627,0.0059390578113650075
454,0.080076671623711279,0.087736142593961619,0.077304740443299713,0.0073167576307423031
456,0.080051878615643238,0.082994069836397844,0.092512809472707791,0.0089732588528950909
458,0.08003482965486744,0.078967677560421445,0.10999207747087897,0.010954993734726479
460,0.080023201552052947,0.075568293055424049,0.12992260830505947,0.013313875192849448
462,0.080015335289492298,0.072714414495490862,0.15246559323359812,0.016107466616456824
464,0.080010057128386533,0.070331901580427694,0.17775538084470519,0.019399047609412398
466,0.080006544298255933,0.068353965610072731,0.20589104389133692,0.02325755134324204
468,0.080004225316525443,0.066720995943854416,0.23692775868212176,0.027757348516925219
470,0.080002706839383944,0.065380258113362885,0.27086832847046349,0.032977853082844864
472,0.080001720571796262,0.064285496220737329,0.30765522873817486,0.039002926078871542
474,0.080001085151029785,0.063396468955571939,0.34716358497757582,0.045920056256154536
476,0.08000067907016245,0.062678444858677768,0.38919550837867978,0.053819299835009951
478,0.080000421644252209,0.062101678580493057,0.43347620818513782,0.06279196674188367
480,0.080000259767488063,0.061640886015793553,0.4796522688300443,0.072929047111487191
482,0.080000158792680354,0.061274732495930365,0.52729242404304855,0.084319379649491474
484,0.080000096312629179,0.060985344797818898,0.57589107924887928,0.097047572539468455
486,0.080000057961961218,0.060757854661995937,0.62487472981394987,0.11119169776000382
488,0.080000034610667861,0.060579978844842917,0.67361129989488933,0.12682079068739327
490,0.080000020506142064,0.060441638479831611,0.72142229035475613,0.14399219834638058
492,0.080000012054939035,0.060334618684556814,0.76759748145497242,0.16274883120877914
494,0.080000007031583678,0.060252267902624224,0.81141179489882453,0.18311638453368501
496,0.08000000406956842,0.060189235378381056,0.85214378896621135,0.20510060534912977
498,0.080000002336956533,0.060141244386616187,0.88909514859185745,0.22868468972056955
500,0.080000001331557699,0.060104898333473676,0.92161044729772479,0.25382690136125169
502,0.080000000752794467,0.060077516562907926,0.9490964066064862,0.28045850636554226
504,0.080000000422279421,0.060056996600657386,0.9710398657950482,0.30848211940084563
506,0.080000000235033897,0.060041699603837775,0.98702370314770949,0.33777055368168296
508,0.080000000129798049,0.06003035592219539,0.99674001919175048,0.36816626019991827
510,0.080000000071123456,0.060021987885189254,1,0.39948143087942095
512,0.080000000038669153,0.060015847180981789,0.99674001919175048,0.4314988256177934
514,0.08000000002086044,0.060011364467802718,0.98702370314770949,0.46397336481796625
516,0.080000000011165792,0.060008109138442116,0.9710398657950482,0.49663450743960502
518,0.080000000005930105,0.060005757432498044,0.9490964066064862,0.52918941044598788
520,0.080000000003124946,0.060004067349783308,0.92161044729772479,0.56132683959245289
522,0.080000000001633917,0.060002859056366098,0.88909514859185745,0.59272177475115817
524,0.080000000000847671,0.060001999688920005,0.85214378896621135,0.62304062645712399
526,0.080000000000436347,0.060001391652136117,0.81141179489882453,0.65194695521894319
528,0.080000000000222865,0.060000963668067932,0.76759748145497242,0.67910756250085991
530,0.080000000000112939,0.060000663976599707,0.72142229035475613,0.70419880324044826
532,0.08000000000005679,0.060000455204563236,0.67361129989488933,0.72691295530175104
534,0.08000000000002834,0.060000310519563997,0.62487472981394987,0.74696447220024909
536,0.080000000000014032,0.060000210765661532,0.57589107924887928,0.76409594238568568
538,0.080000000000006885,0.060000142344034765,0.52729242404304855,0.77808358169307867
540,0.08000000000000336,0.060000095654898507,0.4796522688300443,0.78874209535400686
542,0.080000000000001625,0.060000063959297689,0.43347620818513782,0.79592876198965801
544,0.080000000000000779,0.060000042552853176,0.38919550837867978,0.79954661378374525
546,0.080000000000000376,0.0600000281696993,0.34716358497757582,0.79954661378374525
548,0.080000000000000182,0.060000018555141255,0.30765522873817486,0.79592876198965801
550,0.080000000000000085,0.060000012161155629,0.27086832847046349,0.78874209535400686
552,0.080000000000000043,0.060000007930744434,0.23692775868212176,0.77808358169307867
554,0.080000000000000016,0.060000005146139936,0.20589104389133692,0.76409594238568568
556,0.080000000000000016,0.060000003322597667,0.17775538084470519,0.74696447220024909
558,0.080000000000000002,0.060000002134530904,0.15246559323359812,0.72691295530175104
560,0.080000000000000002,0.060000001364443847,0.12992260830505947,0.70419880324044826
562,0.080000000000000002,0.060000000867835503,0.10999207747087897,0.67910756250085991
564,0.080000000000000002,0.060000000549221701,0.092512809472707791,0.65194695521894319
566,0.080000000000000002,0.060000000345848972,0.077304740443299713,0.62304062645712399
568,0.080000000000000002,0.060000000216697456,0.064176225962479627,0.59272177475115817
570,0.080000000000000002,0.060000000135098236,0.052930501932708769,0.56132683959245289
572,0.080000000000000002,0.060000000083805793,0.04337122033886915,0.52918941044598788
574,0.080000000000000002,0.060000000051728154,0.035307019949546235,0.49663450743960502
576,0.080000000000000002,0.060000000031769356,0.028555138763884276,0.46397336481796625
578,0.080000000000000002,0.060000000019414149,0.022944113275126698,0.4314988256177934
580,0.080000000000000002,0.060000000011804749,0.018315638888734179,0.39948143087942095
582,0.080000000000000002,0.060000000007142062,0.014525686199726336,0.36816626019991827
584,0.080000000000000002,0.06000000000429951,0.01144497990196764,0.33777055368168296
586,0.080000000000000002,0.060000000002575389,0.0089589518414761975,0.30848211940084563
588,0.080000000000000002,0.060000000001534957,0.0069672783420119955,0.28045850636554226
590,0.080000000000000002,0.060000000000910284,0.0053831057419180513,0.25382690136125169
592,0.080000000000000002,0.060000000000537138,0.0041320584099020915,0.22868468972056955
594,0.080000000000000002,0.060000000000315371,0.003151111598444441,0.20510060534912977
596,0.080000000000000002,0.060000000000184239,0.0023873984503276378,0.18311638453368501
598,0.080000000000000002,0.0600000000001071,0.0017970072205752321,0.16274883120877914
600,0.080000000000000002,0.060000000000061941,0.0013438120398556212,0.14399219834638058
602,0.080000000000000002,0.06000000000003565,0.00099836885564444735,0.12682079068739327
604,0.080000000000000002,0.060000000000020412,0.00073689788930147732,0.11119169776000382
606,0.080000000000000002,0.060000000000011627,0.00054036522408542481,0.097047572539468455
608,0.080000000000000002,0.06000000000000659,0.00039366904065507862,0.084319379649491474
610,0.080000000000000002,0.060000000000003717,0.00028493048887656886,0.072929047111487191
612,0.080000000000000002,0.060000000000002086,0.00020488509985103938,0.06279196674188367
614,0.080000000000000002,0.060000000000001164,0.00014636782501158637,0.053819299835009951
616,0.080000000000000002,0.060000000000000643,0.0001038830409456201,0.045920056256154536
618,0.080000000000000002,0.060000000000000359,7.3249974875684467e-05,0.039002926078871542
620,0.080000000000000002,0.060000000000000192,5.1313790543227751e-05,0.032977853082844864
622,0.080000000000000002,0.060000000000000109,3.5712849641635144e-05,0.027757348516925219
624,0.080000000000000002,0.060000000000000053,2.4693275661076792e-05,0.02325755134324204
626,0.080000000000000002,0.060000000000000032,1.6962766939010798e-05,0.019399047609412398
628,0.080000000000000002,0.060000000000000012,1.1576532003397269e-05,0.016107466616456824
630,0.080000000000000002,0.060000000000000005,7.8491756783096907e-06,0.013313875192849448
632,0.080000000000000002,0.060000000000000005,5.2872934317695343e-06,0.010954993734726479
634,0.080000000000000002,0.059999999999999998,3.5383970832924813e-06,0.0089732588528950909
636,0.080000000000000002,0.059999999999999998,2.3525752000097709e-06,0.0073167576307423031
638,0.080000000000000002,0.059999999999999998,1.5539758020273604e-06,0.0059390578113650075
640,0.080000000000000002,0.059999999999999998,1.0197853771706282e-06,0.004798956870929968
642,0.080000000000000002,0.059999999999999998,6.6487055499050254e-07,0.0038601710690851867
644,0.080000000000000002,0.059999999999999998,4.3065471910481628e-07,0.0030909833566738652
646,0.080000000000000002,0.059999999999999998,2.7713100226157301e-07,0.0024638666110345284
648,0.080000000000000002,0.059999999999999998,1.7717596441407526e-07,0.0019550961856871266
650,0.080000000000000002,0.059999999999999998,1.1253517471925912e-07,0.0015443633089821675
652,0.080000000000000002,0.059999999999999998,7.101262468370521e-08,0.0012143985284120004
654,0.080000000000000002,0.059999999999999998,4.451912615948969e-08,0.00095061223572198586
656,0.080000000000000002,0.059999999999999998,2.7728187925563792e-08,0.00074075736505117146
658,0.080000000000000002,0.059999999999999998,1.7157742173218437e-08,0.00057461765691657043
660,0.080000000000000002,0.059999999999999998,1.0547816779454494e-08,0.00044372343480534741
662,0.080000000000000002,0.059999999999999998,6.4421199690149376e-09,0.00034109564608849572
664,0.080000000000000002,0.059999999999999998,3.90893843426485e-09,0.00026101796304255873
666,0.080000000000000002,0.059999999999999998,2.3564196932273664e-09,0.00019883600417306435
668,0.080000000000000002,0.059999999999999998,1.4112704495284222e-09,0.00015078219742667887
670,0.080000000000000002,0.059999999999999998,8.3971448248584306e-10,0.00011382443939758464
672,0.080000000000000002,0.059999999999999998,4.9638292076343433e-10,8.5536481604308925e-05
674,0.080000000000000002,0.059999999999999998,2.915182900973734e-10,6.3987870199383237e-05
676,0.080000000000000002,0.059999999999999998,1.7008991999844687e-10,4.7651254482016116e-05
678,0.080000000000000002,0.059999999999999998,9.859505575991516e-11,3.5324939958208452e-05
680,0.080000000000000002,0.059999999999999998,5.6780013070181109e-11,2.6068673739260798e-05
682,0.080000000000000002,0.059999999999999998,3.2486253619149423e-11,1.9150796949317999e-05
684,0.080000000000000002,0.059999999999999998,1.8465776041311251e-11,1.4005066553780881e-05
686,0.080000000000000002,0.059999999999999998,1.0427958367465186e-11,1.0195626393500678e-05
688,0.080000000000000002,0.059999999999999998,5.850524527297441e-12,7.388785505805085e-06
690,0.080000000000000002,0.059999999999999998,3.2610248726700238e-12,5.3304345625379189e-06
692,0.080000000000000002,0.059999999999999998,1.8058314375132107e-12,3.8280939137032068e-06
694,0.080000000000000002,0.059999999999999998,9.934913690168211e-13,2.7367363562899798e-06
696,0.080000000000000002,0.059999999999999998,5.4301869142182605e-13,1.9476627134811784e-06
698,0.080000000000000002,0.059999999999999998,2.9486909053529449e-13,1.3798279857391007e-06
700,0.080000000000000002,0.059999999999999998,1.5907704423661247e-13,9.7312035876172e-07
702,0.080000000000000002,0.059999999999999998,8.5260832063546832e-14,6.8318540296455143e-07
704,0.080000000000000002,0.059999999999999998,4.5399953861861977e-14,4.7746441451652944e-07
706,0.080000000000000002,0.059999999999999998,2.4017347816209693e-14,3.3218028252482476e-07
708,0.080000000000000002,0.059999999999999998,1.262288061245161e-14,2.3005787378250994e-07
710,0.080000000000000002,0.059999999999999998,6.5910664926522654e-15,1.5861007253696591e-07
712,0.080000000000000002,0.059999999999999998,3.4191385719770073e-15,1.0885661773732412e-07
714,0.080000000000000002,0.059999999999999998,1.7621444360684986e-15,7.437197581528258e-08
716,0.080000000000000002,0.059999999999999998,9.0225665620132235e-16,5.0581792189669135e-08
718,0.080000000000000002,0.059999999999999998,4.5896807464198849e-16,3.4245973564959993e-08
720,0.080000000000000002,0.059999999999999998,2.3195228302435691e-16,2.3081032457990066e-08
722,0.080000000000000002,0.059999999999999998,1.1646049095529777e-16,1.548571837470707e-08
724,0.080000000000000002,0.059999999999999998,5.8092808485287306e-17,1.0342794421369281e-08
726,0.080000000000000002,0.059999999999999998,2.8789221443243589e-17,6.8766170335726385e-09
728,0.080000000000000002,0.059999999999999998,1.4174288198455772e-17,4.5513705531662782e-09
730,0.080000000000000002,0.059999999999999998,6.9332424671944322e-18,2.9987479393158035e-09
732,0.080000000000000002,0.059999999999999998,3.3692660765219371e-18,1.9668359612052278e-09
734,0.080000000000000002,0.059999999999999998,1.6266646214532314e-18,1.2841824441484894e-09
736,0.080000000000000002,0.059999999999999998,7.8023337630561042e-19,8.3467177383642418e-10
738,0.080000000000000002,0.059999999999999998,3.7180465133657933e-19,5.4005144994029396e-10
740,0.080000000000000002,0.059999999999999998,1.7602279144261676e-19,3.4784435209761387e-10
742,0.080000000000000002,0.059999999999999998,8.279169622309912e-20,2.2303097679111432e-10
744,0.080000000000000002,0.059999999999999998,3.8687302393500283e-20,1.4235601663950984e-10
746,0.080000000000000002,0.059999999999999998,1.796031324347447e-20,9.0451730169766709e-11
748,0.080000000000000002,0.059999999999999998,8.2836770076829178e-21,5.7212159444950146e-11
750,0.080000000000000002,0.059999999999999998,3.7957377391001189e-21,3.6023857218811211e-11
752,0.080000000000000002,0.059999999999999998,1.7279573944692252e-21,2.2579925020123168e-11
754,0.080000000000000002,0.059999999999999998,7.8150840544106273e-22,1.4089162844623777e-11
756,0.080000000000000002,0.059999999999999998,3.5115436226573535e-22,8.7514152757936143e-12
758,0.080000000000000002,0.059999999999999998,1.5675675819755545e-22,5.4113024338501301e-12
760,0.080000000000000002,0.059999999999999998,6.9521361745697595e-23,3.3308550357884072e-12
762,0.080000000000000002,0.059999999999999998,3.0631908645774301e-23,2.0409861954210827e-12
764,0.080000000000000002,0.059999999999999998,1.340891498157773e-23,1.2449583236920865e-12
766,0.080000000000000002,0.059999999999999998,5.8314560569209479e-24,7.5596200746474895e-13
768,0.080000000000000002,0.059999999999999998,2.5195568885464191e-24,4.5695721254568609e-13
770,0.080000000000000002,0.059999999999999998,1.0815214096490333e-24,2.7496759428510029e-13
772,0.080000000000000002,0.059999999999999998,4.6122184068804706e-25,1.6470921674591603e-13
774,0.080000000000000002,0.059999999999999998,1.9541072651938664e-25,9.8216555789348906e-14
776,0.080000000000000002,0.059999999999999998,8.2252806516066852e-26,5.8301792766557543e-14
778,0.080000000000000002,0.059999999999999998,3.439670504256188e-26,3.4451610527987521e-14
780,0.080000000000000002,0.059999999999999998,1.4290477826502546e-26,2.0265977629727172e-14
782,0.080000000000000002,0.059999999999999998,5.898484597403595e-27,1.1867411438628191e-14
784,0.080000000000000002,0.059999999999999998,2.4187887506164958e-27,6.9179090891190583e-15
786,0.080000000000000002,0.059999999999999998,9.8541511988975194e-28,4.0144320571802353e-15
788,0.080000000000000002,0.059999999999999998,3.9884513072034834e-28,2.3190162084861778e-15
790,0.080000000000000002,0.059999999999999998,1.6038108905486379e-28,1.3335640111081847e-15
792,0.080000000000000002,0.059999999999999998,6.4071635969035774e-29,7.6340387444652319e-16
794,0.080000000000000002,0.059999999999999998,2.5429759873937235e-29,4.350360663952313e-16
796,0.080000000000000002,0.059999999999999998,1.002726509051591e-29,2.4678944282213137e-16
798,0.080000000000000002,0.059999999999999998,3.9281360848814016e-30,1.3936647068185558e-16
800,0.080000000000000002,0.059999999999999998,1.528812920536023e-30,7.8346651064867798e-17
