cycle,capacity_a,capacity_b,ce_a,ce_b
1,149.94,139.91,99.423986675611204,99.125797205987354
2,149.88,139.81999999999999,99.446055482532827,99.149930672382808
3,149.81999999999999,139.72999999999999,99.466359765078579,99.172507698768797
4,149.75999999999999,139.63999999999999,99.485040606827866,99.193628664654142
5,149.69999999999999,139.55000000000001,99.502227810939871,99.213387475770475
6,149.63999999999999,139.46000000000001,99.518040802086219,99.231871981585741
7,149.58000000000001,139.37,99.532589456268994,99.249164365890778
8,149.52000000000001,139.28,99.54597486429023,99.265341512195988
9,149.46000000000001,139.19,99.558290034177702,99.28047534556238
10,149.40000000000001,139.09999999999999,99.569620537447889,99.294633152386965
11,149.34,139.00999999999999,99.580045103696548,99.307877879564074
12,149.28,138.91999999999999,99.589636167648578,99.320268414353109
13,149.22,138.83000000000001,99.598460372467983,99.331859846196522
14,149.16,138.74000000000001,99.606579032825621,99.342703711652561
15,149.09999999999999,138.65000000000001,99.614048560941953,99.352848223531424
16,149.03999999999999,138.56,99.620920858565285,99.362338485253829
17,148.97999999999999,138.47,99.627243677609314,99.37121669138493
18,148.91999999999999,138.38,99.633060951955471,99.379522315235107
19,148.86000000000001,138.28999999999999,99.638413102726034,99.387292284362005
20,148.80000000000001,138.19999999999999,99.643337319148742,99.394561144753709
21,148.74000000000001,138.11000000000001,99.647867816964876,99.401361214423346
22,148.68000000000001,138.02000000000001,99.652036076176103,99.407722727098005
23,148.62,137.93000000000001,99.655871059782115,99.413673966640516
24,148.56,137.84,99.659399415029029,99.419241392802135
25,148.5,137.75,99.662645658566774,99.424449758864966
26,148.44,137.66,99.665632346802198,99.429322221697362
27,148.38,137.56999999999999,99.668380232631449,99.433880444711363
28,148.31999999999999,137.47999999999999,99.670908409640688,99.438144694180295
29,148.25999999999999,137.38999999999999,99.673234444777222,99.442133929344394
30,148.19999999999999,137.30000000000001,99.675374500412829,99.445865886705349
31,148.13999999999999,137.21000000000001,99.67734344664737,99.449357158884368
32,148.08000000000001,137.12,99.67915496463317,99.452623268394476
33,148.02000000000001,137.03,99.680821641637991,99.455678736655059
34,147.96000000000001,136.94,99.682355058507284,99.458537148555379
35,147.90000000000001,136.84999999999999,99.683765870133158,99.461211212854238
36,147.84,136.75999999999999,99.685063879489647,99.463712818684229
37,147.78,136.66999999999999,99.686258105748223,99.466053088411982
38,147.72,136.58000000000001,99.687356846947225,99.468242427089166
39,147.66,136.49000000000001,99.688367737650495,99.470290568714262
40,147.59999999999999,136.40000000000001,99.689297801995835,99.472206619510871
41,147.53999999999999,136.31,99.690153502502014,99.473999098414779
42,147.47999999999999,136.22,99.690940784973307,99.475675974949908
43,147.41999999999999,136.13,99.691665119813763,99.477244704661558
44,147.36000000000001,136.03999999999999,99.692331540038055,99.478712262264423
45,147.30000000000001,135.94999999999999,99.692944676243201,99.480085172652849
46,147.24000000000001,135.86000000000001,99.693508788784158,99.481369539911043
47,147.18000000000001,135.77000000000001,99.694027797376691,99.482571074452423
48,147.12,135.68000000000001,99.69450530833339,99.483695118408647
49,147.06,135.59,99.694944639622022,99.484746669381181
50,147,135.5,99.6953488439203,99.48573040266109
51,146.94,135.41,99.6957207298273,99.486650692015857
52,146.88,135.31999999999999,99.696062881378921,99.487511629135497
53,146.81999999999999,135.22999999999999,99.696377676002939,99.488317041824601
54,146.75999999999999,135.13999999999999,99.696667301038531,99.489070511021083
55,146.69999999999999,135.05000000000001,99.696933768934855,99.489775386717398
56,146.63999999999999,134.96000000000001,99.697178931234561,99.490434802854878
57,146.58000000000001,134.87,99.697404491439073,99.491051691257525
58,146.52000000000001,134.78,99.697612016845397,99.491628794667193
59,146.46000000000001,134.69,99.69780294943638,99.492168678938029
60,146.40000000000001,134.59999999999999,99.697978615900283,99.492673744444502
61,146.34,134.50999999999999,99.698140236849227,99.493146236753702
62,146.28,134.41999999999999,99.69828893530061,99.493588256609343
63,146.22,134.33000000000001,99.698425744480247,99.494001769271804
64,146.16,134.24000000000001,99.698551615001861,99.494388613255936
65,146.09999999999999,134.15000000000001,99.698667421472223,99.49475050850522
66,146.03999999999999,134.06,99.69877396856846,99.495089064038766
67,145.97999999999999,133.97,99.698871996629265,99.49540578510522
68,145.91999999999999,133.88,99.698962186799065,99.495702079875201
69,145.86000000000001,133.78999999999999,99.699045165761049,99.495979265702147
70,145.80000000000001,133.69999999999999,99.699121510091558,99.496238574979401
71,145.74000000000001,133.61000000000001,99.699191750266436,99.496481160619552
72,145.68000000000001,133.52000000000001,99.699256374347001,99.496708101180388
73,145.62,133.43000000000001,99.699315831371393,99.496920405660234
74,145.56,133.34,99.699370534474582,99.49711901798409
75,145.5,133.25,99.699420863759144,99.497304821200359
76,145.44,133.16,99.69946716893628,99.497478641407028
77,145.38,133.06999999999999,99.699509771755885,99.497641251424511
78,145.31999999999999,132.97999999999999,99.699548968242112,99.497793374231691
79,145.25999999999999,132.88999999999999,99.699585030750342,99.497935686180398
80,145.19999999999999,132.80000000000001,99.699618209859608,99.498068820002459
81,145.13999999999999,132.71000000000001,99.699648736113772,99.498193367622946
82,145.08000000000001,132.62,99.699676821623413,99.498309882791887
83,145.02000000000001,132.53,99.699702661539689,99.498418883546279
84,144.96000000000001,132.44,99.699726435410341,99.498520854513401
85,144.90000000000001,132.34999999999999,99.699748308427246,99.498616249065407
86,144.84,132.25999999999999,99.699768432574274,99.498705491335144
87,144.78,132.16999999999999,99.69978694768335,99.498788978101842
88,144.72,132.08000000000001,99.699803982406038,99.498867080555243
89,144.66,131.99000000000001,99.699819655107518,99.498940145945951
90,144.59999999999999,131.90000000000001,99.699834074688965,99.499008499129332
91,144.53999999999999,131.81,99.699847341344338,99.499072444009826
92,144.47999999999999,131.72,99.699859547256509,99.499132264892182
93,144.41999999999999,131.63,99.699870777237834,99.499188227745478
94,144.36000000000001,131.53999999999999,99.699881109319421,99.499240581385635
95,144.30000000000001,131.44999999999999,99.699890615293384,99.499289558581694
96,144.24000000000001,131.36000000000001,99.699899361211635,99.499335377090731
97,144.18000000000001,131.27000000000001,99.699907407844876,99.499378240625958
98,144.12,131.18000000000001,99.699914811104833,99.49941833976257
99,144.06,131.09,99.699921622432811,99.499455852784976
100,144,131,99.699927889157081,99.499490946479455
101,143.94,130.91,99.699933654821734,99.499523776875776
102,143.88,130.81999999999999,99.699938959489302,99.499554489940863
103,143.81999999999999,130.72999999999999,99.699943840019074,99.49958322222777
104,143.75999999999999,130.63999999999999,99.699948330323224,99.499610101482872
105,143.69999999999999,130.55000000000001,99.699952461602464,99.499635247213774
106,143.63999999999999,130.46000000000001,99.699956262562878,99.49965877122068
107,143.58000000000001,130.37,99.699959759615268,99.499680778093449
108,143.52000000000001,130.28,99.699962977058775,99.499701365676643
109,143.46000000000001,130.19,99.699965937249715,99.499720625504523
110,143.40000000000001,130.09999999999999,99.699968660756852,99.499738643208048
111,143.34,130.00999999999999,99.699971166504383,99.499755498895539
112,143.28,129.91999999999999,99.699973471903405,99.499771267508933
113,143.22,129.83000000000001,99.699975592972905,99.4997860191569
114,143.16,129.74000000000001,99.699977544451045,99.499799819426613
115,143.09999999999999,129.65000000000001,99.699979339897595,99.499812729675327
116,143.03999999999999,129.56,99.699980991788181,99.499824807303185
117,142.97999999999999,129.47,99.699982511600894,99.499836106008402
118,142.91999999999999,129.38,99.699983909896076,99.499846676026053
119,142.86000000000001,129.28999999999999,99.699985196389747,99.499856564351404
120,142.80000000000001,129.19999999999999,99.699986380021073,99.499865814948834
121,142.74000000000001,129.11000000000001,99.699987469014459,99.49987446894734
122,142.68000000000001,129.02000000000001,99.699988470936745,99.499882564823409
123,142.62,128.93000000000001,99.699989392749757,99.499890138571999
124,142.56,128.84,99.699990240858654,99.499897223866725
125,142.5,128.75,99.699991021156507,99.499903852209428
126,142.44,128.66,99.699991739065197,99.499910053070323
127,142.38,128.56999999999999,99.699992399573077,99.499915854019008
128,142.31999999999999,128.47999999999999,99.699993007269669,99.499921280847019
129,142.25999999999999,128.38999999999999,99.699993566377515,99.499926357682526
