time,voltage,current
0,0.82500000000000007,1
5,0.8398803747919823,1
10,0.85011607165971692,1
15,0.85728980812559241,1
20,0.8624449758864976,1
25,0.86626942114223515,1
30,0.84450000000000003,0
35,0.84185905472213174,0
40,0.83962728390792196,0
45,0.83776165849123019,0
50,0.83622367437190837,0
55,0.83497887656728509,0
60,0.83399643340420593,0
65,0.83324875548932931,0
70,0.83271115474876589,0
75,0.83236153932334345,0
80,0.83218014054889256,0
85,0.83214926864747396,0
90,0.83225309411028192,0
95,0.83247745207047097,0
100,0.83280966724827044,0
105,0.83323839730498983,0
110,0.83375349267002441,0
115,0.83434587110854841,0
120,0.83500740547975472,0
125,0.83573082329851622,0
130,0.83650961685921021,0
135,0.83733796281098294,0
140,0.83821065019053542,0
145,0.83912301602302863,0
150,0.84007088769524363,0
155,0.84105053138881825,0
160,0.84205860593628024,0
165,0.84309212152961099,0
170,0.84414840277104619,0
175,0.8452250556094778,0
180,0.84631993775384839,0
185,0.84743113219789123,0
190,0.84855692352902834,0
195,0.84969577672864083,0
200,0.87500000000000011,1
205,0.88988037479198234,1
210,0.90011607165971697,1
215,0.90728980812559246,1
220,0.91244497588649764,1
225,0.9162694211422352,1
230,0.89450000000000007,0
235,0.89185905472213167,0
240,0.88962728390792201,0
245,0.88776165849123023,0
250,0.88622367437190841,0
255,0.88497887656728502,0
260,0.88399643340420586,0
265,0.88324875548932935,0
270,0.88271115474876594,0
275,0.88236153932334338,0
280,0.8821801405488926,0
285,0.88214926864747401,0
290,0.88225309411028197,0
295,0.8824774520704709,0
300,0.88280966724827037,0
305,0.88323839730498988,0
310,0.88375349267002445,0
315,0.88434587110854834,0
320,0.88500740547975465,0
325,0.88573082329851627,0
330,0.88650961685921026,0
335,0.88733796281098298,0
340,0.88821065019053536,0
345,0.88912301602302868,0
350,0.89007088769524367,0
355,0.89105053138881829,0
360,0.89205860593628017,0
365,0.89309212152961104,0
370,0.89414840277104624,0
375,0.89522505560947785,0
380,0.89631993775384833,0
385,0.89743113219789117,0
390,0.89855692352902838,0
395,0.89969577672864087,0
400,0.92500000000000004,1
405,0.93988037479198239,1
410,0.95011607165971701,1
415,0.9572898081255925,1
420,0.96244497588649758,1
425,0.96626942114223513,1
430,0.94450000000000012,0
435,0.94185905472213172,0
440,0.93962728390792194,0
445,0.93776165849123017,0
450,0.93622367437190845,0
455,0.93497887656728507,0
460,0.93399643340420591,0
465,0.93324875548932928,0
470,0.93271115474876598,0
475,0.93236153932334342,0
480,0.93218014054889253,0
485,0.93214926864747394,0
490,0.93225309411028201,0
495,0.93247745207047095,0
500,0.93280966724827041,0
505,0.93323839730498981,0
510,0.93375349267002439,0
515,0.93434587110854839,0
520,0.93500740547975469,0
525,0.9357308232985162,0
530,0.9365096168592103,0
535,0.93733796281098303,0
540,0.9382106501905354,0
545,0.93912301602302861,0
550,0.94007088769524361,0
555,0.94105053138881833,0
560,0.94205860593628021,0
565,0.94309212152961097,0
570,0.94414840277104628,0
575,0.94522505560947789,0
580,0.94631993775384837,0
585,0.94743113219789121,0
590,0.94855692352902832,0
595,0.94969577672864081,0
600,0.97500000000000009,1
605,0.98988037479198232,1
610,1.0001160716597168,1
615,1.0072898081255925,1
620,1.0124449758864975,1
625,1.0162694211422352,1
630,0.99450000000000005,0
635,0.99185905472213165,0
640,0.98962728390792198,0
645,0.98776165849123021,0
650,0.98622367437190839,0
655,0.98497887656728511,0
660,0.98399643340420595,0
665,0.98324875548932933,0
670,0.98271115474876591,0
675,0.98236153932334336,0
680,0.98218014054889258,0
685,0.98214926864747398,0
690,0.98225309411028194,0
695,0.98247745207047099,0
700,0.98280966724827046,0
705,0.98323839730498985,0
710,0.98375349267002443,0
715,0.98434587110854832,0
720,0.98500740547975463,0
725,0.98573082329851625,0
730,0.98650961685921024,0
735,0.98733796281098296,0
740,0.98821065019053544,0
745,0.98912301602302866,0
750,0.99007088769524365,0
755,0.99105053138881827,0
760,0.99205860593628015,0
765,0.99309212152961102,0
770,0.99414840277104621,0
775,0.99522505560947783,0
780,0.99631993775384842,0
785,0.99743113219789126,0
790,0.99855692352902836,0
795,0.99969577672864085,0
800,1.0249999999999999,1
805,1.0398803747919823,1
810,1.0501160716597169,1
815,1.0572898081255926,1
820,1.0624449758864976,1
825,1.0662694211422352,1
830,1.0445,0
835,1.0418590547221318,0
840,1.0396272839079219,0
845,1.0377616584912301,0
850,1.0362236743719082,0
855,1.0349788765672849,0
860,1.033996433404206,0
865,1.0332487554893295,0
870,1.032711154748766,0
875,1.0323615393233434,0
880,1.0321801405488926,0
885,1.032149268647474,0
890,1.0322530941102819,0
895,1.0324774520704711,0
900,1.0328096672482705,0
905,1.0332383973049899,0
910,1.0337534926700245,0
915,1.0343458711085485,0
920,1.0350074054797547,0
925,1.0357308232985163,0
930,1.0365096168592101,0
935,1.0373379628109829,0
940,1.0382106501905355,0
945,1.0391230160230287,0
950,1.0400708876952438,0
955,1.0410505313888183,0
960,1.0420586059362802,0
965,1.0430921215296109,0
970,1.0441484027710461,0
975,1.0452250556094778,0
980,1.0463199377538484,0
985,1.0474311321978913,0
990,1.0485569235290284,0
995,1.0496957767286408,0
1000,1.075,1
1005,1.0898803747919823,1
1010,1.1001160716597169,1
1015,1.1072898081255924,1
1020,1.1124449758864976,1
1025,1.116269421142235,1
1030,1.0945,0
1035,1.0918590547221318,0
1040,1.089627283907922,0
1045,1.0877616584912302,0
1050,1.0862236743719083,0
1055,1.084978876567285,0
1060,1.0839964334042058,0
1065,1.0832487554893295,0
1070,1.082711154748766,0
1075,1.0823615393233434,0
1080,1.0821801405488927,0
1085,1.0821492686474741,0
1090,1.0822530941102819,0
1095,1.082477452070471,0
1100,1.0828096672482705,0
1105,1.0832383973049897,0
1110,1.0837534926700245,0
1115,1.0843458711085485,0
1120,1.0850074054797547,0
1125,1.0857308232985163,0
1130,1.0865096168592101,0
1135,1.0873379628109829,0
1140,1.0882106501905353,0
1145,1.0891230160230287,0
1150,1.0900708876952439,0
1155,1.0910505313888184,0
1160,1.0920586059362802,0
1165,1.093092121529611,0
1170,1.0941484027710462,0
1175,1.0952250556094778,0
1180,1.0963199377538484,0
1185,1.0974311321978911,0
1190,1.0985569235290285,0
1195,1.0996957767286408,0
1200,1.125,1
