temperature,a,b
10,0.0041999999999999997,0.0022000000000000001
12,0.0039499999999999995,0.0021148936170212766
14,0.0037294117647058821,0.002036734693877551
16,0.0035333333333333332,0.0019647058823529409
18,0.0033578947368421053,0.0018981132075471699
20,0.0032000000000000002,0.0018363636363636364
22,0.0030571428571428572,0.0017789473684210527
24,0.0029272727272727271,0.0017254237288135594
26,0.0028086956521739129,0.0016754098360655739
28,0.0027000000000000001,0.0016285714285714287
30,0.0025999999999999999,0.0015846153846153846
32,0.0025076923076923076,0.0015432835820895522
34,0.0024222222222222223,0.0015043478260869565
36,0.0023428571428571431,0.001467605633802817
38,0.0022689655172413795,0.0014328767123287672
40,0.0022000000000000001,0.0014
42,0.002135483870967742,0.0013688311688311689
44,0.002075,0.0013392405063291141
46,0.0020181818181818183,0.0013111111111111112
48,0.0019647058823529409,0.0012843373493975905
50,0.0019142857142857143,0.0012588235294117647
52,0.0018666666666666666,0.0012344827586206898
54,0.0018216216216216216,0.0012112359550561799
56,0.0017789473684210527,0.0011890109890109891
58,0.0017384615384615386,0.0011677419354838711
60,0.0017000000000000001,0.0011473684210526315
62,0.0016634146341463416,0.0011278350515463917
64,0.0016285714285714287,0.0011090909090909092
66,0.0015953488372093024,0.0010910891089108911
68,0.0015636363636363636,0.0010737864077669903
70,0.0015333333333333334,0.0010571428571428572
72,0.0015043478260869565,0.0010411214953271028
74,0.0014765957446808511,0.0010256880733944954
76,0.0014500000000000001,0.0010108108108108109
78,0.0014244897959183674,0.00099646017699115048
80,0.0014,0.00098260869565217394
82,0.0013764705882352941,0.00096923076923076921
84,0.0013538461538461538,0.00095630252100840332
86,0.0013320754716981134,0.00094380165289256193
88,0.0013111111111111112,0.00093170731707317071
90,0.001290909090909091,0.00091999999999999992
92,0.0012714285714285716,0.00090866141732283455
94,0.0012526315789473685,0.00089767441860465116
96,0.0012344827586206898,0.00088702290076335876
98,0.001216949152542373,0.00087669172932330821
100,0.0012000000000000001,0.00086666666666666663
102,0.0011836065573770493,0.000856934306569343
104,0.0011677419354838711,0.00084748201438848919
106,0.0011523809523809525,0.00083829787234042548
108,0.0011375000000000001,0.00082937062937062935
110,0.001123076923076923,0.00082068965517241371
112,0.0011090909090909092,0.00081224489795918362
114,0.0010955223880597016,0.00080402684563758383
116,0.0010823529411764705,0.00079602649006622515
118,0.0010695652173913044,0.00078823529411764699
120,0.0010571428571428572,0.00078064516129032252
122,0.0010450704225352112,0.00077324840764331204
124,0.0010333333333333334,0.00076603773584905661
126,0.001021917808219178,0.00075900621118012417
128,0.0010108108108108109,0.00075214723926380364
130,0.001,0.00074545454545454546
132,0.00098947368421052639,0.00073892215568862273
134,0.00097922077922077931,0.00073254437869822481
136,0.00096923076923076921,0.00072631578947368418
138,0.00095949367088607592,0.00072023121387283231
140,0.00095,0.00071428571428571429
142,0.00094074074074074069,0.00070847457627118643
144,0.00093170731707317071,0.00070279329608938549
146,0.00092289156626506024,0.0006972375690607734
148,0.00091428571428571427,0.00069180327868852457
150,0.00090588235294117639,0.00068648648648648644
152,0.00089767441860465116,0.000681283422459893
154,0.00088965517241379303,0.00067619047619047617
156,0.00088181818181818175,0.00067120418848167537
158,0.00087415730337078647,0.00066632124352331609
160,0.00086666666666666663,0.00066153846153846156
162,0.00085934065934065932,0.00065685279187817261
164,0.00085217391304347819,0.0006522613065326633
166,0.00084516129032258063,0.00064776119402985073
168,0.00083829787234042548,0.00064334975369458123
170,0.00083157894736842104,0.00063902439024390249
172,0.000825,0.00063478260869565212
174,0.00081855670103092777,0.00063062200956937801
176,0.00081224489795918362,0.00062654028436018956
178,0.00080606060606060604,0.00062253521126760564
180,0.00079999999999999993,0.00061860465116279071
182,0.00079405940594059403,0.00061474654377880183
184,0.00078823529411764699,0.00061095890410958905
186,0.00078252427184466011,0.00060723981900452488
188,0.00077692307692307685,0.00060358744394618834
190,0.00077142857142857135,0.00059999999999999995
192,0.00076603773584905661,0.00059647577092511016
194,0.00076074766355140185,0.0005930131004366812
196,0.00075555555555555554,0.00058961038961038959
198,0.0007504587155963302,0.0005862660944206009
200,0.00074545454545454546,0.00058297872340425528
202,0.00074054054054054053,0.00057974683544303801
204,0.00073571428571428572,0.00057656903765690372
206,0.00073097345132743354,0.00057344398340248963
208,0.00072631578947368418,0.00057037037037037039
210,0.00072173913043478255,0.00056734693877551017
212,0.00071724137931034482,0.00056437246963562753
214,0.0007128205128205128,0.00056144578313253011
216,0.00070847457627118643,0.00055856573705179288
218,0.00070420168067226888,0.0005557312252964427
220,0.00069999999999999999,0.00055294117647058819
222,0.00069586776859504131,0.00055019455252918283
224,0.00069180327868852457,0.00054749034749034745
226,0.00068780487804878047,0.00054482758620689651
228,0.00068387096774193547,0.00054220532319391632
230,0.00067999999999999994,0.00053962264150943392
232,0.00067619047619047617,0.00053707865168539323
234,0.0006724409448818898,0.00053457249070631974
236,0.00066874999999999997,0.00053210332103321035
238,0.0006651162790697674,0.00052967032967032965
240,0.00066153846153846156,0.00052727272727272725
242,0.00065801526717557254,0.00052490974729241875
244,0.00065454545454545453,0.0005225806451612903
246,0.00065112781954887217,0.00052028469750889676
248,0.00064776119402985073,0.00051802120141342751
250,0.00064444444444444445,0.00051578947368421057
252,0.00064117647058823529,0.00051358885017421601
254,0.00063795620437956206,0.00051141868512110723
256,0.00063478260869565212,0.00050927835051546393
258,0.00063165467625899275,0.00050716723549488053
260,0.00062857142857142853,0.00050508474576271183
262,0.00062553191489361705,0.00050303030303030301
264,0.00062253521126760564,0.00050100334448160532
266,0.00061958041958041956,0.00049900332225913618
268,0.00061666666666666662,0.00049702970297029706
270,0.00061379310344827583,0.0004950819672131148
272,0.00061095890410958905,0.00049315960912052112
274,0.00060816326530612245,0.00049126213592233005
276,0.00060540540540540537,0.00048938906752411576
278,0.00060268456375838929,0.00048753993610223647
280,0.00059999999999999995,0.00048571428571428572
282,0.00059735099337748343,0.00048391167192429025
284,0.00059473684210526313,0.00048213166144200632
286,0.00059215686274509806,0.00048037383177570092
288,0.00058961038961038959,0.00047863777089783284
290,0.00058709677419354841,0.00047692307692307693
292,0.0005846153846153846,0.00047522935779816509
294,0.00058216560509554143,0.00047355623100303948
296,0.00057974683544303801,0.00047190332326283986
298,0.0005773584905660377,0.00047027027027027031
300,0.00057499999999999999,0.00046865671641791048
302,0.00057267080745341615,0.00046706231454005933
304,0.00057037037037037039,0.00046548672566371681
306,0.00056809815950920246,0.00046392961876832843
308,0.00056585365853658535,0.00046239067055393586
310,0.0005636363636363636,0.00046086956521739126
312,0.00056144578313253011,0.00045936599423631122
314,0.00055928143712574848,0.00045787965616045844
316,0.00055714285714285718,0.00045641025641025639
318,0.00055502958579881653,0.00045495750708215293
320,0.00055294117647058819,0.00045352112676056333
322,0.00055087719298245615,0.00045210084033613443
324,0.00054883720930232562,0.00045069637883008362
326,0.00054682080924855494,0.00044930747922437668
328,0.00054482758620689651,0.0004479338842975207
330,0.00054285714285714289,0.0004465753424657534
332,0.00054090909090909092,0.00044523160762942782
334,0.00053898305084745758,0.00044390243902439023
336,0.00053707865168539323,0.00044258760107816709
338,0.00053519553072625702,0.0004412868632707775
340,0.00053333333333333336,0.00043999999999999996
342,0.00053149171270718237,0.00043872679045092841
344,0.00052967032967032965,0.00043746701846965699
346,0.00052786885245901638,0.00043622047244094489
348,0.00052608695652173914,0.00043498694516971279
350,0.00052432432432432429,0.00043376623376623373
